                                      1 ;--------------------------------------------------------
                                      2 ; File Created by SDCC : free open source ISO C Compiler
                                      3 ; Version 4.5.0 #15242 (MINGW64)
                                      4 ;--------------------------------------------------------
                                      5 	.module ws2812
                                      6 	
                                      7 ;--------------------------------------------------------
                                      8 ; Public variables in this module
                                      9 ;--------------------------------------------------------
                                     10 	.globl _main
                                     11 ;--------------------------------------------------------
                                     12 ; ram data
                                     13 ;--------------------------------------------------------
                                     14 	.area DATA
                                     15 ;--------------------------------------------------------
                                     16 ; ram data
                                     17 ;--------------------------------------------------------
                                     18 	.area INITIALIZED
                                     19 ;--------------------------------------------------------
                                     20 ; Stack segment in internal ram
                                     21 ;--------------------------------------------------------
                                     22 	.area SSEG
      000000                         23 __start__stack:
      000000                         24 	.ds	1
                                     25 
                                     26 ;--------------------------------------------------------
                                     27 ; absolute external ram data
                                     28 ;--------------------------------------------------------
                                     29 	.area DABS (ABS)
                                     30 
                                     31 ; default segment ordering for linker
                                     32 	.area HOME
                                     33 	.area GSINIT
                                     34 	.area GSFINAL
                                     35 	.area CONST
                                     36 	.area INITIALIZER
                                     37 	.area CODE
                                     38 
                                     39 ;--------------------------------------------------------
                                     40 ; interrupt vector
                                     41 ;--------------------------------------------------------
                                     42 	.area HOME
      000000                         43 __interrupt_vect:
      000000 82v00u00u00             44 	int s_GSINIT ; reset
                                     45 ;--------------------------------------------------------
                                     46 ; global & static initialisations
                                     47 ;--------------------------------------------------------
                                     48 	.area HOME
                                     49 	.area GSINIT
                                     50 	.area GSFINAL
                                     51 	.area GSINIT
      000000 CDr00r00         [ 4]   52 	call	___sdcc_external_startup
      000003 4D               [ 1]   53 	tnz	a
      000004 27 03            [ 1]   54 	jreq	__sdcc_init_data
      000006 CCr00r04         [ 2]   55 	jp	__sdcc_program_startup
      000009                         56 __sdcc_init_data:
                                     57 ; stm8_genXINIT() start
      000009 AEr00r00         [ 2]   58 	ldw x, #l_DATA
      00000C 27 07            [ 1]   59 	jreq	00002$
      00000E                         60 00001$:
      00000E 72 4FuFFuFF      [ 1]   61 	clr (s_DATA - 1, x)
      000012 5A               [ 2]   62 	decw x
      000013 26 F9            [ 1]   63 	jrne	00001$
      000015                         64 00002$:
      000015 AEr00r00         [ 2]   65 	ldw	x, #l_INITIALIZER
      000018 27 09            [ 1]   66 	jreq	00004$
      00001A                         67 00003$:
      00001A D6uFFuFF         [ 1]   68 	ld	a, (s_INITIALIZER - 1, x)
      00001D D7uFFuFF         [ 1]   69 	ld	(s_INITIALIZED - 1, x), a
      000020 5A               [ 2]   70 	decw	x
      000021 26 F7            [ 1]   71 	jrne	00003$
      000023                         72 00004$:
                                     73 ; stm8_genXINIT() end
                                     74 	.area GSFINAL
      000000 CCr00r04         [ 2]   75 	jp	__sdcc_program_startup
                                     76 ;--------------------------------------------------------
                                     77 ; Home
                                     78 ;--------------------------------------------------------
                                     79 	.area HOME
                                     80 	.area HOME
      000004                         81 __sdcc_program_startup:
      000004 CCr10r8C         [ 2]   82 	jp	_main
                                     83 ;	return from main will return to caller
                                     84 ;--------------------------------------------------------
                                     85 ; code
                                     86 ;--------------------------------------------------------
                                     87 	.area CODE
                                     88 ;	.\../STM8S103F3_Drivers/clk.h: 100: static inline void clk_active_halt_mvr_enable(void) {
                                     89 ;	-----------------------------------------
                                     90 ;	 function clk_active_halt_mvr_enable
                                     91 ;	-----------------------------------------
      000000                         92 _clk_active_halt_mvr_enable:
                                     93 ;	.\../STM8S103F3_Drivers/clk.h: 101: CLK->ICKR &= ~(1U << 5);
      000000 72 1B 50 C0      [ 1]   94 	bres	0x50c0, #5
                                     95 ;	.\../STM8S103F3_Drivers/clk.h: 102: }
      000004 81               [ 4]   96 	ret
                                     97 ;	.\../STM8S103F3_Drivers/clk.h: 104: static inline void clk_active_halt_mvr_disable(void) {
                                     98 ;	-----------------------------------------
                                     99 ;	 function clk_active_halt_mvr_disable
                                    100 ;	-----------------------------------------
      000005                        101 _clk_active_halt_mvr_disable:
                                    102 ;	.\../STM8S103F3_Drivers/clk.h: 105: CLK->ICKR |= (1U << 5);
      000005 72 1A 50 C0      [ 1]  103 	bset	0x50c0, #5
                                    104 ;	.\../STM8S103F3_Drivers/clk.h: 106: }
      000009 81               [ 4]  105 	ret
                                    106 ;	.\../STM8S103F3_Drivers/clk.h: 108: static inline uint8_t clk_active_halt_mvr_is_enabled(void) {
                                    107 ;	-----------------------------------------
                                    108 ;	 function clk_active_halt_mvr_is_enabled
                                    109 ;	-----------------------------------------
      00000A                        110 _clk_active_halt_mvr_is_enabled:
                                    111 ;	.\../STM8S103F3_Drivers/clk.h: 109: return !((CLK->ICKR >> 5) & 1);
      00000A C6 50 C0         [ 1]  112 	ld	a, 0x50c0
      00000D 4E               [ 1]  113 	swap	a
      00000E 44               [ 1]  114 	srl	a
      00000F A4 01            [ 1]  115 	and	a, #0x01
      000011 A8 01            [ 1]  116 	xor	a, #0x01
                                    117 ;	.\../STM8S103F3_Drivers/clk.h: 110: }
      000013 81               [ 4]  118 	ret
                                    119 ;	.\../STM8S103F3_Drivers/clk.h: 115: static inline uint8_t clk_lsi_osc_is_ready(void) {
                                    120 ;	-----------------------------------------
                                    121 ;	 function clk_lsi_osc_is_ready
                                    122 ;	-----------------------------------------
      000014                        123 _clk_lsi_osc_is_ready:
                                    124 ;	.\../STM8S103F3_Drivers/clk.h: 116: return ((CLK->ICKR >> 4) & 1);
      000014 C6 50 C0         [ 1]  125 	ld	a, 0x50c0
      000017 44               [ 1]  126 	srl	a
      000018 44               [ 1]  127 	srl	a
      000019 44               [ 1]  128 	srl	a
      00001A 44               [ 1]  129 	srl	a
      00001B A4 01            [ 1]  130 	and	a, #0x01
                                    131 ;	.\../STM8S103F3_Drivers/clk.h: 117: }
      00001D 81               [ 4]  132 	ret
                                    133 ;	.\../STM8S103F3_Drivers/clk.h: 120: static inline uint8_t clk_lsi_osc_is_enabled(void) {
                                    134 ;	-----------------------------------------
                                    135 ;	 function clk_lsi_osc_is_enabled
                                    136 ;	-----------------------------------------
      00001E                        137 _clk_lsi_osc_is_enabled:
                                    138 ;	.\../STM8S103F3_Drivers/clk.h: 121: return ((CLK->ICKR >> 3) & 1);
      00001E C6 50 C0         [ 1]  139 	ld	a, 0x50c0
      000021 4E               [ 1]  140 	swap	a
      000022 48               [ 1]  141 	sll	a
      000023 4F               [ 1]  142 	clr	a
      000024 49               [ 1]  143 	rlc	a
                                    144 ;	.\../STM8S103F3_Drivers/clk.h: 122: }
      000025 81               [ 4]  145 	ret
                                    146 ;	.\../STM8S103F3_Drivers/clk.h: 124: static inline void clk_lsi_osc_enable(void) {
                                    147 ;	-----------------------------------------
                                    148 ;	 function clk_lsi_osc_enable
                                    149 ;	-----------------------------------------
      000026                        150 _clk_lsi_osc_enable:
                                    151 ;	.\../STM8S103F3_Drivers/clk.h: 125: CLK->ICKR |= (1U << 3);
      000026 72 16 50 C0      [ 1]  152 	bset	0x50c0, #3
                                    153 ;	.\../STM8S103F3_Drivers/clk.h: 126: }
      00002A 81               [ 4]  154 	ret
                                    155 ;	.\../STM8S103F3_Drivers/clk.h: 128: static inline void clk_lsi_osc_disable(void) {
                                    156 ;	-----------------------------------------
                                    157 ;	 function clk_lsi_osc_disable
                                    158 ;	-----------------------------------------
      00002B                        159 _clk_lsi_osc_disable:
                                    160 ;	.\../STM8S103F3_Drivers/clk.h: 129: CLK->ICKR &= ~(1U << 3);
      00002B 72 17 50 C0      [ 1]  161 	bres	0x50c0, #3
                                    162 ;	.\../STM8S103F3_Drivers/clk.h: 130: }
      00002F 81               [ 4]  163 	ret
                                    164 ;	.\../STM8S103F3_Drivers/clk.h: 135: static inline uint8_t clk_fast_hlt_wake_up_is_enabled(void) {
                                    165 ;	-----------------------------------------
                                    166 ;	 function clk_fast_hlt_wake_up_is_enabled
                                    167 ;	-----------------------------------------
      000030                        168 _clk_fast_hlt_wake_up_is_enabled:
                                    169 ;	.\../STM8S103F3_Drivers/clk.h: 136: return ((CLK->ICKR >> 2) & 1);
      000030 C6 50 C0         [ 1]  170 	ld	a, 0x50c0
      000033 44               [ 1]  171 	srl	a
      000034 44               [ 1]  172 	srl	a
      000035 A4 01            [ 1]  173 	and	a, #0x01
                                    174 ;	.\../STM8S103F3_Drivers/clk.h: 137: }
      000037 81               [ 4]  175 	ret
                                    176 ;	.\../STM8S103F3_Drivers/clk.h: 139: static inline void clk_fast_hlt_wake_up_enable(void) {
                                    177 ;	-----------------------------------------
                                    178 ;	 function clk_fast_hlt_wake_up_enable
                                    179 ;	-----------------------------------------
      000038                        180 _clk_fast_hlt_wake_up_enable:
                                    181 ;	.\../STM8S103F3_Drivers/clk.h: 140: CLK->ICKR |= (1U << 2);
      000038 72 14 50 C0      [ 1]  182 	bset	0x50c0, #2
                                    183 ;	.\../STM8S103F3_Drivers/clk.h: 141: }
      00003C 81               [ 4]  184 	ret
                                    185 ;	.\../STM8S103F3_Drivers/clk.h: 143: static inline void clk_fast_hlt_wake_up_disable(void) {
                                    186 ;	-----------------------------------------
                                    187 ;	 function clk_fast_hlt_wake_up_disable
                                    188 ;	-----------------------------------------
      00003D                        189 _clk_fast_hlt_wake_up_disable:
                                    190 ;	.\../STM8S103F3_Drivers/clk.h: 144: CLK->ICKR &= ~(1U << 2);
      00003D 72 15 50 C0      [ 1]  191 	bres	0x50c0, #2
                                    192 ;	.\../STM8S103F3_Drivers/clk.h: 145: }
      000041 81               [ 4]  193 	ret
                                    194 ;	.\../STM8S103F3_Drivers/clk.h: 150: static inline uint8_t clk_hsi_osc_is_ready(void) {
                                    195 ;	-----------------------------------------
                                    196 ;	 function clk_hsi_osc_is_ready
                                    197 ;	-----------------------------------------
      000042                        198 _clk_hsi_osc_is_ready:
                                    199 ;	.\../STM8S103F3_Drivers/clk.h: 151: return ((CLK->ICKR >> 1) & 1);
      000042 C6 50 C0         [ 1]  200 	ld	a, 0x50c0
      000045 44               [ 1]  201 	srl	a
      000046 A4 01            [ 1]  202 	and	a, #0x01
                                    203 ;	.\../STM8S103F3_Drivers/clk.h: 152: }
      000048 81               [ 4]  204 	ret
                                    205 ;	.\../STM8S103F3_Drivers/clk.h: 155: static inline uint8_t clk_hsi_osc_is_enabled(void) {
                                    206 ;	-----------------------------------------
                                    207 ;	 function clk_hsi_osc_is_enabled
                                    208 ;	-----------------------------------------
      000049                        209 _clk_hsi_osc_is_enabled:
                                    210 ;	.\../STM8S103F3_Drivers/clk.h: 156: return ((CLK->ICKR >> 0) & 1);
      000049 C6 50 C0         [ 1]  211 	ld	a, 0x50c0
      00004C A4 01            [ 1]  212 	and	a, #0x01
                                    213 ;	.\../STM8S103F3_Drivers/clk.h: 157: }
      00004E 81               [ 4]  214 	ret
                                    215 ;	.\../STM8S103F3_Drivers/clk.h: 159: static inline void clk_hsi_osc_enable(void) {
                                    216 ;	-----------------------------------------
                                    217 ;	 function clk_hsi_osc_enable
                                    218 ;	-----------------------------------------
      00004F                        219 _clk_hsi_osc_enable:
                                    220 ;	.\../STM8S103F3_Drivers/clk.h: 160: CLK->ICKR |= (1U << 0);
      00004F 72 10 50 C0      [ 1]  221 	bset	0x50c0, #0
                                    222 ;	.\../STM8S103F3_Drivers/clk.h: 161: }
      000053 81               [ 4]  223 	ret
                                    224 ;	.\../STM8S103F3_Drivers/clk.h: 163: static inline void clk_hsi_osc_disable(void) {
                                    225 ;	-----------------------------------------
                                    226 ;	 function clk_hsi_osc_disable
                                    227 ;	-----------------------------------------
      000054                        228 _clk_hsi_osc_disable:
                                    229 ;	.\../STM8S103F3_Drivers/clk.h: 164: CLK->ICKR &= ~(1U << 0);
      000054 72 11 50 C0      [ 1]  230 	bres	0x50c0, #0
                                    231 ;	.\../STM8S103F3_Drivers/clk.h: 165: }
      000058 81               [ 4]  232 	ret
                                    233 ;	.\../STM8S103F3_Drivers/clk.h: 170: static inline uint8_t clk_hse_osc_is_ready(void) {
                                    234 ;	-----------------------------------------
                                    235 ;	 function clk_hse_osc_is_ready
                                    236 ;	-----------------------------------------
      000059                        237 _clk_hse_osc_is_ready:
                                    238 ;	.\../STM8S103F3_Drivers/clk.h: 171: return ((CLK->ECKR >> 1) & 1);
      000059 C6 50 C1         [ 1]  239 	ld	a, 0x50c1
      00005C 44               [ 1]  240 	srl	a
      00005D A4 01            [ 1]  241 	and	a, #0x01
                                    242 ;	.\../STM8S103F3_Drivers/clk.h: 172: }
      00005F 81               [ 4]  243 	ret
                                    244 ;	.\../STM8S103F3_Drivers/clk.h: 174: static inline void clk_hse_osc_enable(void) {
                                    245 ;	-----------------------------------------
                                    246 ;	 function clk_hse_osc_enable
                                    247 ;	-----------------------------------------
      000060                        248 _clk_hse_osc_enable:
                                    249 ;	.\../STM8S103F3_Drivers/clk.h: 175: CLK->ECKR |= (1U << 0);
      000060 72 10 50 C1      [ 1]  250 	bset	0x50c1, #0
                                    251 ;	.\../STM8S103F3_Drivers/clk.h: 176: }
      000064 81               [ 4]  252 	ret
                                    253 ;	.\../STM8S103F3_Drivers/clk.h: 178: static inline void clk_hse_osc_disable(void) {
                                    254 ;	-----------------------------------------
                                    255 ;	 function clk_hse_osc_disable
                                    256 ;	-----------------------------------------
      000065                        257 _clk_hse_osc_disable:
                                    258 ;	.\../STM8S103F3_Drivers/clk.h: 179: CLK->ECKR &= ~(1U << 0);
      000065 72 11 50 C1      [ 1]  259 	bres	0x50c1, #0
                                    260 ;	.\../STM8S103F3_Drivers/clk.h: 180: }
      000069 81               [ 4]  261 	ret
                                    262 ;	.\../STM8S103F3_Drivers/clk.h: 185: static inline uint8_t clk_master_clock_get_source(void) {
                                    263 ;	-----------------------------------------
                                    264 ;	 function clk_master_clock_get_source
                                    265 ;	-----------------------------------------
      00006A                        266 _clk_master_clock_get_source:
                                    267 ;	.\../STM8S103F3_Drivers/clk.h: 186: return CLK->CMSR;
      00006A C6 50 C3         [ 1]  268 	ld	a, 0x50c3
                                    269 ;	.\../STM8S103F3_Drivers/clk.h: 187: }
      00006D 81               [ 4]  270 	ret
                                    271 ;	.\../STM8S103F3_Drivers/clk.h: 190: static inline void clk_master_switch_src(MASTER_CLK_SRC src) {
                                    272 ;	-----------------------------------------
                                    273 ;	 function clk_master_switch_src
                                    274 ;	-----------------------------------------
      00006E                        275 _clk_master_switch_src:
                                    276 ;	.\../STM8S103F3_Drivers/clk.h: 191: CLK->SWR = src;
      00006E C7 50 C4         [ 1]  277 	ld	0x50c4, a
                                    278 ;	.\../STM8S103F3_Drivers/clk.h: 192: }
      000071 81               [ 4]  279 	ret
                                    280 ;	.\../STM8S103F3_Drivers/clk.h: 195: static inline uint8_t clk_switch_is_ongoing(void) {
                                    281 ;	-----------------------------------------
                                    282 ;	 function clk_switch_is_ongoing
                                    283 ;	-----------------------------------------
      000072                        284 _clk_switch_is_ongoing:
                                    285 ;	.\../STM8S103F3_Drivers/clk.h: 196: return ((CLK->SWCR >> 0) & 1);
      000072 C6 50 C5         [ 1]  286 	ld	a, 0x50c5
      000075 A4 01            [ 1]  287 	and	a, #0x01
                                    288 ;	.\../STM8S103F3_Drivers/clk.h: 197: }
      000077 81               [ 4]  289 	ret
                                    290 ;	.\../STM8S103F3_Drivers/clk.h: 199: static inline void clk_switch_process_reset(void) {
                                    291 ;	-----------------------------------------
                                    292 ;	 function clk_switch_process_reset
                                    293 ;	-----------------------------------------
      000078                        294 _clk_switch_process_reset:
                                    295 ;	.\../STM8S103F3_Drivers/clk.h: 200: CLK->SWCR &= ~(1U << 0);
      000078 72 11 50 C5      [ 1]  296 	bres	0x50c5, #0
                                    297 ;	.\../STM8S103F3_Drivers/clk.h: 201: }
      00007C 81               [ 4]  298 	ret
                                    299 ;	.\../STM8S103F3_Drivers/clk.h: 203: static inline void clk_switch_exec_enable(void) {
                                    300 ;	-----------------------------------------
                                    301 ;	 function clk_switch_exec_enable
                                    302 ;	-----------------------------------------
      00007D                        303 _clk_switch_exec_enable:
                                    304 ;	.\../STM8S103F3_Drivers/clk.h: 204: CLK->SWCR |= (1U << 1);
      00007D 72 12 50 C5      [ 1]  305 	bset	0x50c5, #1
                                    306 ;	.\../STM8S103F3_Drivers/clk.h: 205: }
      000081 81               [ 4]  307 	ret
                                    308 ;	.\../STM8S103F3_Drivers/clk.h: 207: static inline void clk_switch_exec_disable(void) {
                                    309 ;	-----------------------------------------
                                    310 ;	 function clk_switch_exec_disable
                                    311 ;	-----------------------------------------
      000082                        312 _clk_switch_exec_disable:
                                    313 ;	.\../STM8S103F3_Drivers/clk.h: 208: CLK->SWCR &= ~(1U << 1);
      000082 72 13 50 C5      [ 1]  314 	bres	0x50c5, #1
                                    315 ;	.\../STM8S103F3_Drivers/clk.h: 209: }
      000086 81               [ 4]  316 	ret
                                    317 ;	.\../STM8S103F3_Drivers/clk.h: 211: static inline void clk_switch_irq_enable(void) {
                                    318 ;	-----------------------------------------
                                    319 ;	 function clk_switch_irq_enable
                                    320 ;	-----------------------------------------
      000087                        321 _clk_switch_irq_enable:
                                    322 ;	.\../STM8S103F3_Drivers/clk.h: 212: CLK->SWCR |= (1U << 2);
      000087 72 14 50 C5      [ 1]  323 	bset	0x50c5, #2
                                    324 ;	.\../STM8S103F3_Drivers/clk.h: 213: }
      00008B 81               [ 4]  325 	ret
                                    326 ;	.\../STM8S103F3_Drivers/clk.h: 215: static inline void clk_switch_irq_disable(void) {
                                    327 ;	-----------------------------------------
                                    328 ;	 function clk_switch_irq_disable
                                    329 ;	-----------------------------------------
      00008C                        330 _clk_switch_irq_disable:
                                    331 ;	.\../STM8S103F3_Drivers/clk.h: 216: CLK->SWCR &= ~(1U << 2);
      00008C 72 15 50 C5      [ 1]  332 	bres	0x50c5, #2
                                    333 ;	.\../STM8S103F3_Drivers/clk.h: 217: }
      000090 81               [ 4]  334 	ret
                                    335 ;	.\../STM8S103F3_Drivers/clk.h: 219: static inline uint8_t clk_target_src_clk_ready_manual_mode(void) {
                                    336 ;	-----------------------------------------
                                    337 ;	 function clk_target_src_clk_ready_manual_mode
                                    338 ;	-----------------------------------------
      000091                        339 _clk_target_src_clk_ready_manual_mode:
                                    340 ;	.\../STM8S103F3_Drivers/clk.h: 220: return ((CLK->SWCR >> 3) & 1) ;
      000091 C6 50 C5         [ 1]  341 	ld	a, 0x50c5
      000094 4E               [ 1]  342 	swap	a
      000095 48               [ 1]  343 	sll	a
      000096 4F               [ 1]  344 	clr	a
      000097 49               [ 1]  345 	rlc	a
                                    346 ;	.\../STM8S103F3_Drivers/clk.h: 221: }
      000098 81               [ 4]  347 	ret
                                    348 ;	.\../STM8S103F3_Drivers/clk.h: 223: static inline uint8_t clk_switch_event_occured_auto_mode(void) {
                                    349 ;	-----------------------------------------
                                    350 ;	 function clk_switch_event_occured_auto_mode
                                    351 ;	-----------------------------------------
      000099                        352 _clk_switch_event_occured_auto_mode:
                                    353 ;	.\../STM8S103F3_Drivers/clk.h: 224: return ((CLK->SWCR >> 3) & 1) ;
      000099 C6 50 C5         [ 1]  354 	ld	a, 0x50c5
      00009C 4E               [ 1]  355 	swap	a
      00009D 48               [ 1]  356 	sll	a
      00009E 4F               [ 1]  357 	clr	a
      00009F 49               [ 1]  358 	rlc	a
                                    359 ;	.\../STM8S103F3_Drivers/clk.h: 225: }
      0000A0 81               [ 4]  360 	ret
                                    361 ;	.\../STM8S103F3_Drivers/clk.h: 227: static inline void clk_switch_irq_flag_clear(void) {
                                    362 ;	-----------------------------------------
                                    363 ;	 function clk_switch_irq_flag_clear
                                    364 ;	-----------------------------------------
      0000A1                        365 _clk_switch_irq_flag_clear:
                                    366 ;	.\../STM8S103F3_Drivers/clk.h: 228: CLK->SWCR &= ~(1U << 3);
      0000A1 72 17 50 C5      [ 1]  367 	bres	0x50c5, #3
                                    368 ;	.\../STM8S103F3_Drivers/clk.h: 229: }
      0000A5 81               [ 4]  369 	ret
                                    370 ;	.\../STM8S103F3_Drivers/clk.h: 235: static inline void clk_cpu_div_prescalar_set(CPU_DIV_PRESCALAR value) {
                                    371 ;	-----------------------------------------
                                    372 ;	 function clk_cpu_div_prescalar_set
                                    373 ;	-----------------------------------------
      0000A6                        374 _clk_cpu_div_prescalar_set:
      0000A6 97               [ 1]  375 	ld	xl, a
                                    376 ;	.\../STM8S103F3_Drivers/clk.h: 236: CLK->CKDIVR = ((CLK->CKDIVR & CLK_CKDIVR_CPU_CLR_MASK) | ((uint8_t)value) << 0);
      0000A7 C6 50 C6         [ 1]  377 	ld	a, 0x50c6
      0000AA A4 F8            [ 1]  378 	and	a, #0xf8
      0000AC 89               [ 2]  379 	pushw	x
      0000AD 1A 02            [ 1]  380 	or	a, (2, sp)
      0000AF 85               [ 2]  381 	popw	x
      0000B0 C7 50 C6         [ 1]  382 	ld	0x50c6, a
                                    383 ;	.\../STM8S103F3_Drivers/clk.h: 237: }
      0000B3 81               [ 4]  384 	ret
                                    385 ;	.\../STM8S103F3_Drivers/clk.h: 239: static inline CPU_DIV_PRESCALAR clk_cpu_div_prescalar_read(void) {
                                    386 ;	-----------------------------------------
                                    387 ;	 function clk_cpu_div_prescalar_read
                                    388 ;	-----------------------------------------
      0000B4                        389 _clk_cpu_div_prescalar_read:
                                    390 ;	.\../STM8S103F3_Drivers/clk.h: 240: return ((CPU_DIV_PRESCALAR)(CLK->CKDIVR & ~(CLK_CKDIVR_CPU_CLR_MASK)));
      0000B4 C6 50 C6         [ 1]  391 	ld	a, 0x50c6
      0000B7 A4 07            [ 1]  392 	and	a, #0x07
                                    393 ;	.\../STM8S103F3_Drivers/clk.h: 241: }
      0000B9 81               [ 4]  394 	ret
                                    395 ;	.\../STM8S103F3_Drivers/clk.h: 243: static inline void clk_hsi_div_prescalar_set(HSI_DIV_PRESCALAR value) {
                                    396 ;	-----------------------------------------
                                    397 ;	 function clk_hsi_div_prescalar_set
                                    398 ;	-----------------------------------------
      0000BA                        399 _clk_hsi_div_prescalar_set:
      0000BA 97               [ 1]  400 	ld	xl, a
                                    401 ;	.\../STM8S103F3_Drivers/clk.h: 244: CLK->CKDIVR = (CLK->CKDIVR & CLK_CKDIVR_HSI_CLR_MASK) | ((uint8_t)value << 3);
      0000BB C6 50 C6         [ 1]  402 	ld	a, 0x50c6
      0000BE A4 E7            [ 1]  403 	and	a, #0xe7
      0000C0 58               [ 2]  404 	sllw	x
      0000C1 58               [ 2]  405 	sllw	x
      0000C2 58               [ 2]  406 	sllw	x
      0000C3 89               [ 2]  407 	pushw	x
      0000C4 1A 02            [ 1]  408 	or	a, (2, sp)
      0000C6 85               [ 2]  409 	popw	x
      0000C7 C7 50 C6         [ 1]  410 	ld	0x50c6, a
                                    411 ;	.\../STM8S103F3_Drivers/clk.h: 245: }
      0000CA 81               [ 4]  412 	ret
                                    413 ;	.\../STM8S103F3_Drivers/clk.h: 247: static inline HSI_DIV_PRESCALAR clk_hsi_div_prescalar_read(void) {
                                    414 ;	-----------------------------------------
                                    415 ;	 function clk_hsi_div_prescalar_read
                                    416 ;	-----------------------------------------
      0000CB                        417 _clk_hsi_div_prescalar_read:
                                    418 ;	.\../STM8S103F3_Drivers/clk.h: 248: return ((HSI_DIV_PRESCALAR)(CLK->CKDIVR & ~(CLK_CKDIVR_HSI_CLR_MASK)));
      0000CB C6 50 C6         [ 1]  419 	ld	a, 0x50c6
      0000CE A4 18            [ 1]  420 	and	a, #0x18
                                    421 ;	.\../STM8S103F3_Drivers/clk.h: 249: }
      0000D0 81               [ 4]  422 	ret
                                    423 ;	.\../STM8S103F3_Drivers/clk.h: 251: static inline void  clk_hsi_and_cpu_div_prescalar_set(HSI_DIV_PRESCALAR hsi_value, CPU_DIV_PRESCALAR cpu_value) {
                                    424 ;	-----------------------------------------
                                    425 ;	 function clk_hsi_and_cpu_div_prescalar_set
                                    426 ;	-----------------------------------------
      0000D1                        427 _clk_hsi_and_cpu_div_prescalar_set:
      0000D1 88               [ 1]  428 	push	a
      0000D2 95               [ 1]  429 	ld	xh, a
                                    430 ;	.\../STM8S103F3_Drivers/clk.h: 252: CLK->CKDIVR = (CLK->CKDIVR & (CLK_CKDIVR_HSI_CLR_MASK & CLK_CKDIVR_CPU_CLR_MASK)) 
      0000D3 C6 50 C6         [ 1]  431 	ld	a, 0x50c6
      0000D6 A4 E0            [ 1]  432 	and	a, #0xe0
      0000D8 6B 01            [ 1]  433 	ld	(0x01, sp), a
                                    434 ;	.\../STM8S103F3_Drivers/clk.h: 253: | ((((uint8_t)hsi_value << 3) | ((uint8_t)cpu_value) << 0));
      0000DA 02               [ 1]  435 	rlwa	x
      0000DB 48               [ 1]  436 	sll	a
      0000DC 48               [ 1]  437 	sll	a
      0000DD 48               [ 1]  438 	sll	a
      0000DE 01               [ 1]  439 	rrwa	x
      0000DF 7B 04            [ 1]  440 	ld	a, (0x04, sp)
      0000E1 89               [ 2]  441 	pushw	x
      0000E2 1A 01            [ 1]  442 	or	a, (1, sp)
      0000E4 85               [ 2]  443 	popw	x
      0000E5 1A 01            [ 1]  444 	or	a, (0x01, sp)
      0000E7 C7 50 C6         [ 1]  445 	ld	0x50c6, a
                                    446 ;	.\../STM8S103F3_Drivers/clk.h: 254: }
      0000EA 84               [ 1]  447 	pop	a
      0000EB 85               [ 2]  448 	popw	x
      0000EC 84               [ 1]  449 	pop	a
      0000ED FC               [ 2]  450 	jp	(x)
                                    451 ;	.\../STM8S103F3_Drivers/clk.h: 259: static inline void clk_periph_1_clock_enable(PERIPHERAL_1_CLK periph) {
                                    452 ;	-----------------------------------------
                                    453 ;	 function clk_periph_1_clock_enable
                                    454 ;	-----------------------------------------
      0000EE                        455 _clk_periph_1_clock_enable:
      0000EE 88               [ 1]  456 	push	a
      0000EF 97               [ 1]  457 	ld	xl, a
                                    458 ;	.\../STM8S103F3_Drivers/clk.h: 260: CLK->PCKENR1 |= (1U << periph);
      0000F0 C6 50 C7         [ 1]  459 	ld	a, 0x50c7
      0000F3 88               [ 1]  460 	push	a
      0000F4 A6 01            [ 1]  461 	ld	a, #0x01
      0000F6 6B 02            [ 1]  462 	ld	(0x02, sp), a
      0000F8 9F               [ 1]  463 	ld	a, xl
      0000F9 4D               [ 1]  464 	tnz	a
      0000FA 27 05            [ 1]  465 	jreq	00104$
      0000FC                        466 00103$:
      0000FC 08 02            [ 1]  467 	sll	(0x02, sp)
      0000FE 4A               [ 1]  468 	dec	a
      0000FF 26 FB            [ 1]  469 	jrne	00103$
      000101                        470 00104$:
      000101 84               [ 1]  471 	pop	a
      000102 1A 01            [ 1]  472 	or	a, (0x01, sp)
      000104 C7 50 C7         [ 1]  473 	ld	0x50c7, a
                                    474 ;	.\../STM8S103F3_Drivers/clk.h: 261: }
      000107 84               [ 1]  475 	pop	a
      000108 81               [ 4]  476 	ret
                                    477 ;	.\../STM8S103F3_Drivers/clk.h: 263: static inline void clk_periph_1_clock_disable(PERIPHERAL_1_CLK periph) {
                                    478 ;	-----------------------------------------
                                    479 ;	 function clk_periph_1_clock_disable
                                    480 ;	-----------------------------------------
      000109                        481 _clk_periph_1_clock_disable:
      000109 88               [ 1]  482 	push	a
      00010A 97               [ 1]  483 	ld	xl, a
                                    484 ;	.\../STM8S103F3_Drivers/clk.h: 264: CLK->PCKENR1 &= ~(1U << periph);
      00010B C6 50 C7         [ 1]  485 	ld	a, 0x50c7
      00010E 6B 01            [ 1]  486 	ld	(0x01, sp), a
      000110 A6 01            [ 1]  487 	ld	a, #0x01
      000112 88               [ 1]  488 	push	a
      000113 9F               [ 1]  489 	ld	a, xl
      000114 4D               [ 1]  490 	tnz	a
      000115 27 05            [ 1]  491 	jreq	00104$
      000117                        492 00103$:
      000117 08 01            [ 1]  493 	sll	(1, sp)
      000119 4A               [ 1]  494 	dec	a
      00011A 26 FB            [ 1]  495 	jrne	00103$
      00011C                        496 00104$:
      00011C 84               [ 1]  497 	pop	a
      00011D 43               [ 1]  498 	cpl	a
      00011E 14 01            [ 1]  499 	and	a, (0x01, sp)
      000120 C7 50 C7         [ 1]  500 	ld	0x50c7, a
                                    501 ;	.\../STM8S103F3_Drivers/clk.h: 265: }
      000123 84               [ 1]  502 	pop	a
      000124 81               [ 4]  503 	ret
                                    504 ;	.\../STM8S103F3_Drivers/clk.h: 267: static inline void clk_periph_2_clock_enable(PERIPHERAL_2_CLK periph) {
                                    505 ;	-----------------------------------------
                                    506 ;	 function clk_periph_2_clock_enable
                                    507 ;	-----------------------------------------
      000125                        508 _clk_periph_2_clock_enable:
      000125 88               [ 1]  509 	push	a
      000126 97               [ 1]  510 	ld	xl, a
                                    511 ;	.\../STM8S103F3_Drivers/clk.h: 268: CLK->PCKENR2 |= (1U << periph);
      000127 C6 50 CA         [ 1]  512 	ld	a, 0x50ca
      00012A 88               [ 1]  513 	push	a
      00012B A6 01            [ 1]  514 	ld	a, #0x01
      00012D 6B 02            [ 1]  515 	ld	(0x02, sp), a
      00012F 9F               [ 1]  516 	ld	a, xl
      000130 4D               [ 1]  517 	tnz	a
      000131 27 05            [ 1]  518 	jreq	00104$
      000133                        519 00103$:
      000133 08 02            [ 1]  520 	sll	(0x02, sp)
      000135 4A               [ 1]  521 	dec	a
      000136 26 FB            [ 1]  522 	jrne	00103$
      000138                        523 00104$:
      000138 84               [ 1]  524 	pop	a
      000139 1A 01            [ 1]  525 	or	a, (0x01, sp)
      00013B C7 50 CA         [ 1]  526 	ld	0x50ca, a
                                    527 ;	.\../STM8S103F3_Drivers/clk.h: 269: }
      00013E 84               [ 1]  528 	pop	a
      00013F 81               [ 4]  529 	ret
                                    530 ;	.\../STM8S103F3_Drivers/clk.h: 271: static inline void clk_periph_2_clock_disable(PERIPHERAL_2_CLK periph) {
                                    531 ;	-----------------------------------------
                                    532 ;	 function clk_periph_2_clock_disable
                                    533 ;	-----------------------------------------
      000140                        534 _clk_periph_2_clock_disable:
      000140 88               [ 1]  535 	push	a
      000141 97               [ 1]  536 	ld	xl, a
                                    537 ;	.\../STM8S103F3_Drivers/clk.h: 272: CLK->PCKENR2 &= ~(1U << periph);
      000142 C6 50 CA         [ 1]  538 	ld	a, 0x50ca
      000145 6B 01            [ 1]  539 	ld	(0x01, sp), a
      000147 A6 01            [ 1]  540 	ld	a, #0x01
      000149 88               [ 1]  541 	push	a
      00014A 9F               [ 1]  542 	ld	a, xl
      00014B 4D               [ 1]  543 	tnz	a
      00014C 27 05            [ 1]  544 	jreq	00104$
      00014E                        545 00103$:
      00014E 08 01            [ 1]  546 	sll	(1, sp)
      000150 4A               [ 1]  547 	dec	a
      000151 26 FB            [ 1]  548 	jrne	00103$
      000153                        549 00104$:
      000153 84               [ 1]  550 	pop	a
      000154 43               [ 1]  551 	cpl	a
      000155 14 01            [ 1]  552 	and	a, (0x01, sp)
      000157 C7 50 CA         [ 1]  553 	ld	0x50ca, a
                                    554 ;	.\../STM8S103F3_Drivers/clk.h: 273: }
      00015A 84               [ 1]  555 	pop	a
      00015B 81               [ 4]  556 	ret
                                    557 ;	.\../STM8S103F3_Drivers/clk.h: 278: static inline void clk_security_sys_enable(void) {
                                    558 ;	-----------------------------------------
                                    559 ;	 function clk_security_sys_enable
                                    560 ;	-----------------------------------------
      00015C                        561 _clk_security_sys_enable:
                                    562 ;	.\../STM8S103F3_Drivers/clk.h: 279: CLK->CSSR |= (1U << 0);
      00015C 72 10 50 C8      [ 1]  563 	bset	0x50c8, #0
                                    564 ;	.\../STM8S103F3_Drivers/clk.h: 280: }
      000160 81               [ 4]  565 	ret
                                    566 ;	.\../STM8S103F3_Drivers/clk.h: 282: static inline void clk_security_sys_disable(void) {
                                    567 ;	-----------------------------------------
                                    568 ;	 function clk_security_sys_disable
                                    569 ;	-----------------------------------------
      000161                        570 _clk_security_sys_disable:
                                    571 ;	.\../STM8S103F3_Drivers/clk.h: 283: CLK->CSSR &= ~(1U << 0);
      000161 72 11 50 C8      [ 1]  572 	bres	0x50c8, #0
                                    573 ;	.\../STM8S103F3_Drivers/clk.h: 284: }
      000165 81               [ 4]  574 	ret
                                    575 ;	.\../STM8S103F3_Drivers/clk.h: 286: static inline uint8_t clk_aux_clock_is_active(void) {
                                    576 ;	-----------------------------------------
                                    577 ;	 function clk_aux_clock_is_active
                                    578 ;	-----------------------------------------
      000166                        579 _clk_aux_clock_is_active:
                                    580 ;	.\../STM8S103F3_Drivers/clk.h: 287: return ((CLK->CSSR >> 1) & 1);
      000166 C6 50 C8         [ 1]  581 	ld	a, 0x50c8
      000169 44               [ 1]  582 	srl	a
      00016A A4 01            [ 1]  583 	and	a, #0x01
                                    584 ;	.\../STM8S103F3_Drivers/clk.h: 288: }
      00016C 81               [ 4]  585 	ret
                                    586 ;	.\../STM8S103F3_Drivers/clk.h: 290: static inline void clk_security_sys_irq_enable(void) {
                                    587 ;	-----------------------------------------
                                    588 ;	 function clk_security_sys_irq_enable
                                    589 ;	-----------------------------------------
      00016D                        590 _clk_security_sys_irq_enable:
                                    591 ;	.\../STM8S103F3_Drivers/clk.h: 291: CLK->CSSR |= (1U << 2);
      00016D 72 14 50 C8      [ 1]  592 	bset	0x50c8, #2
                                    593 ;	.\../STM8S103F3_Drivers/clk.h: 292: }
      000171 81               [ 4]  594 	ret
                                    595 ;	.\../STM8S103F3_Drivers/clk.h: 294: static inline void clk_security_sys_irq_disable(void) {
                                    596 ;	-----------------------------------------
                                    597 ;	 function clk_security_sys_irq_disable
                                    598 ;	-----------------------------------------
      000172                        599 _clk_security_sys_irq_disable:
                                    600 ;	.\../STM8S103F3_Drivers/clk.h: 295: CLK->CSSR &= ~(1U << 2);
      000172 72 15 50 C8      [ 1]  601 	bres	0x50c8, #2
                                    602 ;	.\../STM8S103F3_Drivers/clk.h: 296: }
      000176 81               [ 4]  603 	ret
                                    604 ;	.\../STM8S103F3_Drivers/clk.h: 298: static inline uint8_t clk_hse_clock_disturbance_is_detected(void) {
                                    605 ;	-----------------------------------------
                                    606 ;	 function clk_hse_clock_disturbance_is_detected
                                    607 ;	-----------------------------------------
      000177                        608 _clk_hse_clock_disturbance_is_detected:
                                    609 ;	.\../STM8S103F3_Drivers/clk.h: 299: return ((CLK->CSSR >> 3) & 1);
      000177 C6 50 C8         [ 1]  610 	ld	a, 0x50c8
      00017A 4E               [ 1]  611 	swap	a
      00017B 48               [ 1]  612 	sll	a
      00017C 4F               [ 1]  613 	clr	a
      00017D 49               [ 1]  614 	rlc	a
                                    615 ;	.\../STM8S103F3_Drivers/clk.h: 300: }
      00017E 81               [ 4]  616 	ret
                                    617 ;	.\../STM8S103F3_Drivers/clk.h: 302: static inline void clk_hse_clock_disturbance_detect_reg_clear(void) {
                                    618 ;	-----------------------------------------
                                    619 ;	 function clk_hse_clock_disturbance_detect_reg_clear
                                    620 ;	-----------------------------------------
      00017F                        621 _clk_hse_clock_disturbance_detect_reg_clear:
                                    622 ;	.\../STM8S103F3_Drivers/clk.h: 303: CLK->CSSR &= ~(1U << 3);
      00017F 72 17 50 C8      [ 1]  623 	bres	0x50c8, #3
                                    624 ;	.\../STM8S103F3_Drivers/clk.h: 304: }
      000183 81               [ 4]  625 	ret
                                    626 ;	.\../STM8S103F3_Drivers/clk.h: 309: static inline void clk_configurable_clock_output_enable(void) {
                                    627 ;	-----------------------------------------
                                    628 ;	 function clk_configurable_clock_output_enable
                                    629 ;	-----------------------------------------
      000184                        630 _clk_configurable_clock_output_enable:
                                    631 ;	.\../STM8S103F3_Drivers/clk.h: 310: CLK->CCOR |= (1U << 0);
      000184 72 10 50 C9      [ 1]  632 	bset	0x50c9, #0
                                    633 ;	.\../STM8S103F3_Drivers/clk.h: 311: }
      000188 81               [ 4]  634 	ret
                                    635 ;	.\../STM8S103F3_Drivers/clk.h: 313: static inline void clk_configurable_clock_output_disable(void) {
                                    636 ;	-----------------------------------------
                                    637 ;	 function clk_configurable_clock_output_disable
                                    638 ;	-----------------------------------------
      000189                        639 _clk_configurable_clock_output_disable:
                                    640 ;	.\../STM8S103F3_Drivers/clk.h: 314: CLK->CCOR &= ~(1U << 0);
      000189 72 11 50 C9      [ 1]  641 	bres	0x50c9, #0
                                    642 ;	.\../STM8S103F3_Drivers/clk.h: 315: }
      00018D 81               [ 4]  643 	ret
                                    644 ;	.\../STM8S103F3_Drivers/clk.h: 317: static inline void clk_output_source_set(CLK_CCO_SOURCE source) {
                                    645 ;	-----------------------------------------
                                    646 ;	 function clk_output_source_set
                                    647 ;	-----------------------------------------
      00018E                        648 _clk_output_source_set:
      00018E 97               [ 1]  649 	ld	xl, a
                                    650 ;	.\../STM8S103F3_Drivers/clk.h: 318: CLK->CCOR = (CLK->CCOR & ~(0x0F << 1)) | ((uint8_t)source << 1);
      00018F C6 50 C9         [ 1]  651 	ld	a, 0x50c9
      000192 A4 E1            [ 1]  652 	and	a, #0xe1
      000194 58               [ 2]  653 	sllw	x
      000195 89               [ 2]  654 	pushw	x
      000196 1A 02            [ 1]  655 	or	a, (2, sp)
      000198 85               [ 2]  656 	popw	x
      000199 C7 50 C9         [ 1]  657 	ld	0x50c9, a
                                    658 ;	.\../STM8S103F3_Drivers/clk.h: 319: }
      00019C 81               [ 4]  659 	ret
                                    660 ;	.\../STM8S103F3_Drivers/clk.h: 321: static inline uint8_t clk_configurable_clock_output_is_ready(void) {
                                    661 ;	-----------------------------------------
                                    662 ;	 function clk_configurable_clock_output_is_ready
                                    663 ;	-----------------------------------------
      00019D                        664 _clk_configurable_clock_output_is_ready:
                                    665 ;	.\../STM8S103F3_Drivers/clk.h: 322: return ((CLK->CCOR >> 5) & 1);
      00019D C6 50 C9         [ 1]  666 	ld	a, 0x50c9
      0001A0 4E               [ 1]  667 	swap	a
      0001A1 44               [ 1]  668 	srl	a
      0001A2 A4 01            [ 1]  669 	and	a, #0x01
                                    670 ;	.\../STM8S103F3_Drivers/clk.h: 323: }
      0001A4 81               [ 4]  671 	ret
                                    672 ;	.\../STM8S103F3_Drivers/clk.h: 325: static inline uint8_t clk_configurable_clock_output_src_is_switching(void) {
                                    673 ;	-----------------------------------------
                                    674 ;	 function clk_configurable_clock_output_src_is_switching
                                    675 ;	-----------------------------------------
      0001A5                        676 _clk_configurable_clock_output_src_is_switching:
                                    677 ;	.\../STM8S103F3_Drivers/clk.h: 326: return ((CLK->CCOR >> 6) & 1);
      0001A5 C6 50 C9         [ 1]  678 	ld	a, 0x50c9
      0001A8 48               [ 1]  679 	sll	a
      0001A9 48               [ 1]  680 	sll	a
      0001AA 4F               [ 1]  681 	clr	a
      0001AB 49               [ 1]  682 	rlc	a
                                    683 ;	.\../STM8S103F3_Drivers/clk.h: 327: }
      0001AC 81               [ 4]  684 	ret
                                    685 ;	.\../STM8S103F3_Drivers/clk.h: 332: static inline void clk_hsi_osc_trim_value_set(uint8_t trim_val) {
                                    686 ;	-----------------------------------------
                                    687 ;	 function clk_hsi_osc_trim_value_set
                                    688 ;	-----------------------------------------
      0001AD                        689 _clk_hsi_osc_trim_value_set:
      0001AD 88               [ 1]  690 	push	a
      0001AE 97               [ 1]  691 	ld	xl, a
                                    692 ;	.\../STM8S103F3_Drivers/clk.h: 333: CLK->HSITRIMR = ((CLK->HSITRIMR & CLK_HSI_TRIM_CLR_MASK) | (trim_val & 0x07));
      0001AF C6 50 CC         [ 1]  693 	ld	a, 0x50cc
      0001B2 A4 F8            [ 1]  694 	and	a, #0xf8
      0001B4 6B 01            [ 1]  695 	ld	(0x01, sp), a
      0001B6 9F               [ 1]  696 	ld	a, xl
      0001B7 A4 07            [ 1]  697 	and	a, #0x07
      0001B9 1A 01            [ 1]  698 	or	a, (0x01, sp)
      0001BB C7 50 CC         [ 1]  699 	ld	0x50cc, a
                                    700 ;	.\../STM8S103F3_Drivers/clk.h: 334: }
      0001BE 84               [ 1]  701 	pop	a
      0001BF 81               [ 4]  702 	ret
                                    703 ;	.\../STM8S103F3_Drivers/clk.h: 339: static inline void clk_swim_clock_div2_enable(void) {
                                    704 ;	-----------------------------------------
                                    705 ;	 function clk_swim_clock_div2_enable
                                    706 ;	-----------------------------------------
      0001C0                        707 _clk_swim_clock_div2_enable:
                                    708 ;	.\../STM8S103F3_Drivers/clk.h: 340: CLK->SWIMCCR &= ~(1U << 0);
      0001C0 72 11 50 CD      [ 1]  709 	bres	0x50cd, #0
                                    710 ;	.\../STM8S103F3_Drivers/clk.h: 341: }
      0001C4 81               [ 4]  711 	ret
                                    712 ;	.\../STM8S103F3_Drivers/clk.h: 343: static inline void clk_swim_clock_div2_disable(void) {
                                    713 ;	-----------------------------------------
                                    714 ;	 function clk_swim_clock_div2_disable
                                    715 ;	-----------------------------------------
      0001C5                        716 _clk_swim_clock_div2_disable:
                                    717 ;	.\../STM8S103F3_Drivers/clk.h: 344: CLK->SWIMCCR |= (1U << 0);
      0001C5 72 10 50 CD      [ 1]  718 	bset	0x50cd, #0
                                    719 ;	.\../STM8S103F3_Drivers/clk.h: 345: }
      0001C9 81               [ 4]  720 	ret
                                    721 ;	.\../STM8S103F3_Drivers/gpio.h: 50: static inline void gpio_multi_mode_fast_config(GPIO_PORT_REG *port, GPIO_MULTI_MODE mode, uint8_t pin) {
                                    722 ;	-----------------------------------------
                                    723 ;	 function gpio_multi_mode_fast_config
                                    724 ;	-----------------------------------------
      0001CA                        725 _gpio_multi_mode_fast_config:
      0001CA 52 09            [ 2]  726 	sub	sp, #9
      0001CC 1F 08            [ 2]  727 	ldw	(0x08, sp), x
      0001CE 6B 07            [ 1]  728 	ld	(0x07, sp), a
                                    729 ;	.\../STM8S103F3_Drivers/gpio.h: 51: uint8_t pin_mask = (1U << pin);
      0001D0 A6 01            [ 1]  730 	ld	a, #0x01
      0001D2 6B 01            [ 1]  731 	ld	(0x01, sp), a
      0001D4 7B 0C            [ 1]  732 	ld	a, (0x0c, sp)
      0001D6 27 05            [ 1]  733 	jreq	00131$
      0001D8                        734 00130$:
      0001D8 08 01            [ 1]  735 	sll	(0x01, sp)
      0001DA 4A               [ 1]  736 	dec	a
      0001DB 26 FB            [ 1]  737 	jrne	00130$
      0001DD                        738 00131$:
                                    739 ;	.\../STM8S103F3_Drivers/gpio.h: 52: port->DDR = (DDR_SET_HIGH(mode)) ? (port->DDR | pin_mask) : (port->DDR & ~(pin_mask));
      0001DD 1E 08            [ 2]  740 	ldw	x, (0x08, sp)
      0001DF 5C               [ 1]  741 	incw	x
      0001E0 5C               [ 1]  742 	incw	x
      0001E1 1F 02            [ 2]  743 	ldw	(0x02, sp), x
      0001E3 7B 07            [ 1]  744 	ld	a, (0x07, sp)
      0001E5 44               [ 1]  745 	srl	a
      0001E6 44               [ 1]  746 	srl	a
      0001E7 A4 01            [ 1]  747 	and	a, #0x01
      0001E9 6B 04            [ 1]  748 	ld	(0x04, sp), a
      0001EB 1E 02            [ 2]  749 	ldw	x, (0x02, sp)
      0001ED F6               [ 1]  750 	ld	a, (x)
      0001EE 6B 05            [ 1]  751 	ld	(0x05, sp), a
      0001F0 7B 01            [ 1]  752 	ld	a, (0x01, sp)
      0001F2 43               [ 1]  753 	cpl	a
      0001F3 6B 06            [ 1]  754 	ld	(0x06, sp), a
      0001F5 0D 04            [ 1]  755 	tnz	(0x04, sp)
      0001F7 27 06            [ 1]  756 	jreq	00103$
      0001F9 7B 05            [ 1]  757 	ld	a, (0x05, sp)
      0001FB 1A 01            [ 1]  758 	or	a, (0x01, sp)
      0001FD 20 04            [ 2]  759 	jra	00104$
      0001FF                        760 00103$:
      0001FF 7B 05            [ 1]  761 	ld	a, (0x05, sp)
      000201 14 06            [ 1]  762 	and	a, (0x06, sp)
      000203                        763 00104$:
      000203 1E 02            [ 2]  764 	ldw	x, (0x02, sp)
      000205 F7               [ 1]  765 	ld	(x), a
                                    766 ;	.\../STM8S103F3_Drivers/gpio.h: 53: port->CR1 = (CR1_SET_HIGH(mode)) ? (port->CR1 | pin_mask) : (port->CR1 & ~(pin_mask));
      000206 1E 08            [ 2]  767 	ldw	x, (0x08, sp)
      000208 1C 00 03         [ 2]  768 	addw	x, #0x0003
      00020B 1F 03            [ 2]  769 	ldw	(0x03, sp), x
      00020D 7B 07            [ 1]  770 	ld	a, (0x07, sp)
      00020F 44               [ 1]  771 	srl	a
      000210 A4 01            [ 1]  772 	and	a, #0x01
      000212 6B 05            [ 1]  773 	ld	(0x05, sp), a
      000214 1E 03            [ 2]  774 	ldw	x, (0x03, sp)
      000216 F6               [ 1]  775 	ld	a, (x)
      000217 0D 05            [ 1]  776 	tnz	(0x05, sp)
      000219 27 04            [ 1]  777 	jreq	00105$
      00021B 1A 01            [ 1]  778 	or	a, (0x01, sp)
      00021D 20 02            [ 2]  779 	jra	00106$
      00021F                        780 00105$:
      00021F 14 06            [ 1]  781 	and	a, (0x06, sp)
      000221                        782 00106$:
      000221 1E 03            [ 2]  783 	ldw	x, (0x03, sp)
      000223 F7               [ 1]  784 	ld	(x), a
                                    785 ;	.\../STM8S103F3_Drivers/gpio.h: 54: port->CR2 = (CR2_SET_HIGH(mode)) ? (port->CR2 | pin_mask) : (port->CR2 & ~(pin_mask));
      000224 1E 08            [ 2]  786 	ldw	x, (0x08, sp)
      000226 1C 00 04         [ 2]  787 	addw	x, #0x0004
      000229 7B 07            [ 1]  788 	ld	a, (0x07, sp)
      00022B A4 01            [ 1]  789 	and	a, #0x01
      00022D 6B 05            [ 1]  790 	ld	(0x05, sp), a
      00022F F6               [ 1]  791 	ld	a, (x)
      000230 0D 05            [ 1]  792 	tnz	(0x05, sp)
      000232 27 04            [ 1]  793 	jreq	00107$
      000234 1A 01            [ 1]  794 	or	a, (0x01, sp)
      000236 20 02            [ 2]  795 	jra	00108$
      000238                        796 00107$:
      000238 14 06            [ 1]  797 	and	a, (0x06, sp)
      00023A                        798 00108$:
      00023A F7               [ 1]  799 	ld	(x), a
                                    800 ;	.\../STM8S103F3_Drivers/gpio.h: 55: }
      00023B 5B 09            [ 2]  801 	addw	sp, #9
      00023D 85               [ 2]  802 	popw	x
      00023E 84               [ 1]  803 	pop	a
      00023F FC               [ 2]  804 	jp	(x)
                                    805 ;	.\../STM8S103F3_Drivers/gpio.h: 60: static inline void gpio_in_float_no_irq(GPIO_PORT_REG *port, uint8_t pin) {
                                    806 ;	-----------------------------------------
                                    807 ;	 function gpio_in_float_no_irq
                                    808 ;	-----------------------------------------
      000240                        809 _gpio_in_float_no_irq:
      000240 52 03            [ 2]  810 	sub	sp, #3
      000242 51               [ 1]  811 	exgw	x, y
      000243 6B 03            [ 1]  812 	ld	(0x03, sp), a
                                    813 ;	.\../STM8S103F3_Drivers/gpio.h: 61: port->DDR &= ~(1U << pin);
      000245 93               [ 1]  814 	ldw	x, y
      000246 5C               [ 1]  815 	incw	x
      000247 5C               [ 1]  816 	incw	x
      000248 F6               [ 1]  817 	ld	a, (x)
      000249 6B 01            [ 1]  818 	ld	(0x01, sp), a
      00024B A6 01            [ 1]  819 	ld	a, #0x01
      00024D 88               [ 1]  820 	push	a
      00024E 7B 04            [ 1]  821 	ld	a, (0x04, sp)
      000250 27 05            [ 1]  822 	jreq	00104$
      000252                        823 00103$:
      000252 08 01            [ 1]  824 	sll	(1, sp)
      000254 4A               [ 1]  825 	dec	a
      000255 26 FB            [ 1]  826 	jrne	00103$
      000257                        827 00104$:
      000257 84               [ 1]  828 	pop	a
      000258 43               [ 1]  829 	cpl	a
      000259 6B 02            [ 1]  830 	ld	(0x02, sp), a
      00025B 7B 01            [ 1]  831 	ld	a, (0x01, sp)
      00025D 14 02            [ 1]  832 	and	a, (0x02, sp)
      00025F F7               [ 1]  833 	ld	(x), a
                                    834 ;	.\../STM8S103F3_Drivers/gpio.h: 62: port->CR1 &= ~(1U << pin);
      000260 93               [ 1]  835 	ldw	x, y
      000261 1C 00 03         [ 2]  836 	addw	x, #0x0003
      000264 F6               [ 1]  837 	ld	a, (x)
      000265 14 02            [ 1]  838 	and	a, (0x02, sp)
      000267 F7               [ 1]  839 	ld	(x), a
                                    840 ;	.\../STM8S103F3_Drivers/gpio.h: 63: port->CR2 &= ~(1U << pin);
      000268 93               [ 1]  841 	ldw	x, y
      000269 1C 00 04         [ 2]  842 	addw	x, #0x0004
      00026C F6               [ 1]  843 	ld	a, (x)
      00026D 14 02            [ 1]  844 	and	a, (0x02, sp)
      00026F F7               [ 1]  845 	ld	(x), a
                                    846 ;	.\../STM8S103F3_Drivers/gpio.h: 64: }
      000270 5B 03            [ 2]  847 	addw	sp, #3
      000272 81               [ 4]  848 	ret
                                    849 ;	.\../STM8S103F3_Drivers/gpio.h: 66: static inline void gpio_in_pull_up_no_irq(GPIO_PORT_REG *port, uint8_t pin) {
                                    850 ;	-----------------------------------------
                                    851 ;	 function gpio_in_pull_up_no_irq
                                    852 ;	-----------------------------------------
      000273                        853 _gpio_in_pull_up_no_irq:
      000273 52 04            [ 2]  854 	sub	sp, #4
      000275 51               [ 1]  855 	exgw	x, y
      000276 6B 04            [ 1]  856 	ld	(0x04, sp), a
                                    857 ;	.\../STM8S103F3_Drivers/gpio.h: 67: port->DDR &= ~(1U << pin);
      000278 93               [ 1]  858 	ldw	x, y
      000279 5C               [ 1]  859 	incw	x
      00027A 5C               [ 1]  860 	incw	x
      00027B F6               [ 1]  861 	ld	a, (x)
      00027C 6B 01            [ 1]  862 	ld	(0x01, sp), a
      00027E A6 01            [ 1]  863 	ld	a, #0x01
      000280 6B 02            [ 1]  864 	ld	(0x02, sp), a
      000282 7B 04            [ 1]  865 	ld	a, (0x04, sp)
      000284 27 05            [ 1]  866 	jreq	00104$
      000286                        867 00103$:
      000286 08 02            [ 1]  868 	sll	(0x02, sp)
      000288 4A               [ 1]  869 	dec	a
      000289 26 FB            [ 1]  870 	jrne	00103$
      00028B                        871 00104$:
      00028B 7B 02            [ 1]  872 	ld	a, (0x02, sp)
      00028D 43               [ 1]  873 	cpl	a
      00028E 6B 03            [ 1]  874 	ld	(0x03, sp), a
      000290 7B 01            [ 1]  875 	ld	a, (0x01, sp)
      000292 14 03            [ 1]  876 	and	a, (0x03, sp)
      000294 F7               [ 1]  877 	ld	(x), a
                                    878 ;	.\../STM8S103F3_Drivers/gpio.h: 68: port->CR1 |= (1U << pin);
      000295 93               [ 1]  879 	ldw	x, y
      000296 1C 00 03         [ 2]  880 	addw	x, #0x0003
      000299 F6               [ 1]  881 	ld	a, (x)
      00029A 1A 02            [ 1]  882 	or	a, (0x02, sp)
      00029C F7               [ 1]  883 	ld	(x), a
                                    884 ;	.\../STM8S103F3_Drivers/gpio.h: 69: port->CR2 &= ~(1U << pin);
      00029D 93               [ 1]  885 	ldw	x, y
      00029E 1C 00 04         [ 2]  886 	addw	x, #0x0004
      0002A1 F6               [ 1]  887 	ld	a, (x)
      0002A2 14 03            [ 1]  888 	and	a, (0x03, sp)
      0002A4 F7               [ 1]  889 	ld	(x), a
                                    890 ;	.\../STM8S103F3_Drivers/gpio.h: 70: }
      0002A5 5B 04            [ 2]  891 	addw	sp, #4
      0002A7 81               [ 4]  892 	ret
                                    893 ;	.\../STM8S103F3_Drivers/gpio.h: 72: static inline void gpio_in_float_with_irq(GPIO_PORT_REG *port, uint8_t pin) {
                                    894 ;	-----------------------------------------
                                    895 ;	 function gpio_in_float_with_irq
                                    896 ;	-----------------------------------------
      0002A8                        897 _gpio_in_float_with_irq:
      0002A8 52 04            [ 2]  898 	sub	sp, #4
      0002AA 51               [ 1]  899 	exgw	x, y
      0002AB 6B 04            [ 1]  900 	ld	(0x04, sp), a
                                    901 ;	.\../STM8S103F3_Drivers/gpio.h: 73: port->DDR &= ~(1U << pin);
      0002AD 93               [ 1]  902 	ldw	x, y
      0002AE 5C               [ 1]  903 	incw	x
      0002AF 5C               [ 1]  904 	incw	x
      0002B0 F6               [ 1]  905 	ld	a, (x)
      0002B1 6B 01            [ 1]  906 	ld	(0x01, sp), a
      0002B3 A6 01            [ 1]  907 	ld	a, #0x01
      0002B5 6B 02            [ 1]  908 	ld	(0x02, sp), a
      0002B7 7B 04            [ 1]  909 	ld	a, (0x04, sp)
      0002B9 27 05            [ 1]  910 	jreq	00104$
      0002BB                        911 00103$:
      0002BB 08 02            [ 1]  912 	sll	(0x02, sp)
      0002BD 4A               [ 1]  913 	dec	a
      0002BE 26 FB            [ 1]  914 	jrne	00103$
      0002C0                        915 00104$:
      0002C0 7B 02            [ 1]  916 	ld	a, (0x02, sp)
      0002C2 43               [ 1]  917 	cpl	a
      0002C3 6B 03            [ 1]  918 	ld	(0x03, sp), a
      0002C5 7B 01            [ 1]  919 	ld	a, (0x01, sp)
      0002C7 14 03            [ 1]  920 	and	a, (0x03, sp)
      0002C9 F7               [ 1]  921 	ld	(x), a
                                    922 ;	.\../STM8S103F3_Drivers/gpio.h: 74: port->CR1 &= ~(1U << pin);
      0002CA 93               [ 1]  923 	ldw	x, y
      0002CB 1C 00 03         [ 2]  924 	addw	x, #0x0003
      0002CE F6               [ 1]  925 	ld	a, (x)
      0002CF 14 03            [ 1]  926 	and	a, (0x03, sp)
      0002D1 F7               [ 1]  927 	ld	(x), a
                                    928 ;	.\../STM8S103F3_Drivers/gpio.h: 75: port->CR2 |= (1U << pin);
      0002D2 93               [ 1]  929 	ldw	x, y
      0002D3 1C 00 04         [ 2]  930 	addw	x, #0x0004
      0002D6 F6               [ 1]  931 	ld	a, (x)
      0002D7 1A 02            [ 1]  932 	or	a, (0x02, sp)
      0002D9 F7               [ 1]  933 	ld	(x), a
                                    934 ;	.\../STM8S103F3_Drivers/gpio.h: 76: }
      0002DA 5B 04            [ 2]  935 	addw	sp, #4
      0002DC 81               [ 4]  936 	ret
                                    937 ;	.\../STM8S103F3_Drivers/gpio.h: 78: static inline void gpio_in_pull_up_with_irq(GPIO_PORT_REG *port, uint8_t pin) {
                                    938 ;	-----------------------------------------
                                    939 ;	 function gpio_in_pull_up_with_irq
                                    940 ;	-----------------------------------------
      0002DD                        941 _gpio_in_pull_up_with_irq:
      0002DD 52 03            [ 2]  942 	sub	sp, #3
      0002DF 51               [ 1]  943 	exgw	x, y
      0002E0 6B 03            [ 1]  944 	ld	(0x03, sp), a
                                    945 ;	.\../STM8S103F3_Drivers/gpio.h: 79: port->DDR &= ~(1U << pin);
      0002E2 93               [ 1]  946 	ldw	x, y
      0002E3 5C               [ 1]  947 	incw	x
      0002E4 5C               [ 1]  948 	incw	x
      0002E5 F6               [ 1]  949 	ld	a, (x)
      0002E6 6B 01            [ 1]  950 	ld	(0x01, sp), a
      0002E8 A6 01            [ 1]  951 	ld	a, #0x01
      0002EA 6B 02            [ 1]  952 	ld	(0x02, sp), a
      0002EC 7B 03            [ 1]  953 	ld	a, (0x03, sp)
      0002EE 27 05            [ 1]  954 	jreq	00104$
      0002F0                        955 00103$:
      0002F0 08 02            [ 1]  956 	sll	(0x02, sp)
      0002F2 4A               [ 1]  957 	dec	a
      0002F3 26 FB            [ 1]  958 	jrne	00103$
      0002F5                        959 00104$:
      0002F5 7B 02            [ 1]  960 	ld	a, (0x02, sp)
      0002F7 43               [ 1]  961 	cpl	a
      0002F8 14 01            [ 1]  962 	and	a, (0x01, sp)
      0002FA F7               [ 1]  963 	ld	(x), a
                                    964 ;	.\../STM8S103F3_Drivers/gpio.h: 80: port->CR1 |= (1U << pin); 
      0002FB 93               [ 1]  965 	ldw	x, y
      0002FC 1C 00 03         [ 2]  966 	addw	x, #0x0003
      0002FF F6               [ 1]  967 	ld	a, (x)
      000300 1A 02            [ 1]  968 	or	a, (0x02, sp)
      000302 F7               [ 1]  969 	ld	(x), a
                                    970 ;	.\../STM8S103F3_Drivers/gpio.h: 81: port->CR2 |= (1U << pin);
      000303 93               [ 1]  971 	ldw	x, y
      000304 1C 00 04         [ 2]  972 	addw	x, #0x0004
      000307 F6               [ 1]  973 	ld	a, (x)
      000308 1A 02            [ 1]  974 	or	a, (0x02, sp)
      00030A F7               [ 1]  975 	ld	(x), a
                                    976 ;	.\../STM8S103F3_Drivers/gpio.h: 82: }
      00030B 5B 03            [ 2]  977 	addw	sp, #3
      00030D 81               [ 4]  978 	ret
                                    979 ;	.\../STM8S103F3_Drivers/gpio.h: 86: static inline void gpio_out_open_drain(GPIO_PORT_REG *port, uint8_t pin) {
                                    980 ;	-----------------------------------------
                                    981 ;	 function gpio_out_open_drain
                                    982 ;	-----------------------------------------
      00030E                        983 _gpio_out_open_drain:
      00030E 52 02            [ 2]  984 	sub	sp, #2
      000310 51               [ 1]  985 	exgw	x, y
      000311 6B 02            [ 1]  986 	ld	(0x02, sp), a
                                    987 ;	.\../STM8S103F3_Drivers/gpio.h: 87: port->DDR |= (1U << pin);
      000313 93               [ 1]  988 	ldw	x, y
      000314 5C               [ 1]  989 	incw	x
      000315 5C               [ 1]  990 	incw	x
      000316 F6               [ 1]  991 	ld	a, (x)
      000317 88               [ 1]  992 	push	a
      000318 A6 01            [ 1]  993 	ld	a, #0x01
      00031A 6B 02            [ 1]  994 	ld	(0x02, sp), a
      00031C 7B 03            [ 1]  995 	ld	a, (0x03, sp)
      00031E 27 05            [ 1]  996 	jreq	00104$
      000320                        997 00103$:
      000320 08 02            [ 1]  998 	sll	(0x02, sp)
      000322 4A               [ 1]  999 	dec	a
      000323 26 FB            [ 1] 1000 	jrne	00103$
      000325                       1001 00104$:
      000325 84               [ 1] 1002 	pop	a
      000326 1A 01            [ 1] 1003 	or	a, (0x01, sp)
      000328 F7               [ 1] 1004 	ld	(x), a
                                   1005 ;	.\../STM8S103F3_Drivers/gpio.h: 88: port->CR1 &= ~(1U << pin);
      000329 93               [ 1] 1006 	ldw	x, y
      00032A 1C 00 03         [ 2] 1007 	addw	x, #0x0003
      00032D F6               [ 1] 1008 	ld	a, (x)
      00032E 88               [ 1] 1009 	push	a
      00032F 03 02            [ 1] 1010 	cpl	(0x02, sp)
      000331 84               [ 1] 1011 	pop	a
      000332 14 01            [ 1] 1012 	and	a, (0x01, sp)
      000334 F7               [ 1] 1013 	ld	(x), a
                                   1014 ;	.\../STM8S103F3_Drivers/gpio.h: 89: port->CR2 &= ~(1U << pin);
      000335 93               [ 1] 1015 	ldw	x, y
      000336 1C 00 04         [ 2] 1016 	addw	x, #0x0004
      000339 F6               [ 1] 1017 	ld	a, (x)
      00033A 14 01            [ 1] 1018 	and	a, (0x01, sp)
      00033C F7               [ 1] 1019 	ld	(x), a
                                   1020 ;	.\../STM8S103F3_Drivers/gpio.h: 90: }
      00033D 5B 02            [ 2] 1021 	addw	sp, #2
      00033F 81               [ 4] 1022 	ret
                                   1023 ;	.\../STM8S103F3_Drivers/gpio.h: 92: static inline void gpio_out_push_pull(GPIO_PORT_REG *port, uint8_t pin) {
                                   1024 ;	-----------------------------------------
                                   1025 ;	 function gpio_out_push_pull
                                   1026 ;	-----------------------------------------
      000340                       1027 _gpio_out_push_pull:
      000340 52 03            [ 2] 1028 	sub	sp, #3
      000342 51               [ 1] 1029 	exgw	x, y
      000343 6B 03            [ 1] 1030 	ld	(0x03, sp), a
                                   1031 ;	.\../STM8S103F3_Drivers/gpio.h: 93: port->DDR |= (1U << pin);
      000345 93               [ 1] 1032 	ldw	x, y
      000346 5C               [ 1] 1033 	incw	x
      000347 5C               [ 1] 1034 	incw	x
      000348 F6               [ 1] 1035 	ld	a, (x)
      000349 88               [ 1] 1036 	push	a
      00034A A6 01            [ 1] 1037 	ld	a, #0x01
      00034C 6B 02            [ 1] 1038 	ld	(0x02, sp), a
      00034E 7B 04            [ 1] 1039 	ld	a, (0x04, sp)
      000350 27 05            [ 1] 1040 	jreq	00104$
      000352                       1041 00103$:
      000352 08 02            [ 1] 1042 	sll	(0x02, sp)
      000354 4A               [ 1] 1043 	dec	a
      000355 26 FB            [ 1] 1044 	jrne	00103$
      000357                       1045 00104$:
      000357 84               [ 1] 1046 	pop	a
      000358 1A 01            [ 1] 1047 	or	a, (0x01, sp)
      00035A F7               [ 1] 1048 	ld	(x), a
                                   1049 ;	.\../STM8S103F3_Drivers/gpio.h: 94: port->CR1 |= (1U << pin);
      00035B 93               [ 1] 1050 	ldw	x, y
      00035C 1C 00 03         [ 2] 1051 	addw	x, #0x0003
      00035F F6               [ 1] 1052 	ld	a, (x)
      000360 1A 01            [ 1] 1053 	or	a, (0x01, sp)
      000362 F7               [ 1] 1054 	ld	(x), a
                                   1055 ;	.\../STM8S103F3_Drivers/gpio.h: 95: port->CR2 &= ~(1U << pin);
      000363 93               [ 1] 1056 	ldw	x, y
      000364 1C 00 04         [ 2] 1057 	addw	x, #0x0004
      000367 F6               [ 1] 1058 	ld	a, (x)
      000368 6B 02            [ 1] 1059 	ld	(0x02, sp), a
      00036A 7B 01            [ 1] 1060 	ld	a, (0x01, sp)
      00036C 43               [ 1] 1061 	cpl	a
      00036D 14 02            [ 1] 1062 	and	a, (0x02, sp)
      00036F F7               [ 1] 1063 	ld	(x), a
                                   1064 ;	.\../STM8S103F3_Drivers/gpio.h: 96: }
      000370 5B 03            [ 2] 1065 	addw	sp, #3
      000372 81               [ 4] 1066 	ret
                                   1067 ;	.\../STM8S103F3_Drivers/gpio.h: 98: static inline void gpio_out_open_drain_fast_mode(GPIO_PORT_REG *port, uint8_t pin) {
                                   1068 ;	-----------------------------------------
                                   1069 ;	 function gpio_out_open_drain_fast_mode
                                   1070 ;	-----------------------------------------
      000373                       1071 _gpio_out_open_drain_fast_mode:
      000373 52 03            [ 2] 1072 	sub	sp, #3
      000375 51               [ 1] 1073 	exgw	x, y
      000376 6B 03            [ 1] 1074 	ld	(0x03, sp), a
                                   1075 ;	.\../STM8S103F3_Drivers/gpio.h: 99: port->DDR |= (1U << pin);
      000378 93               [ 1] 1076 	ldw	x, y
      000379 5C               [ 1] 1077 	incw	x
      00037A 5C               [ 1] 1078 	incw	x
      00037B F6               [ 1] 1079 	ld	a, (x)
      00037C 88               [ 1] 1080 	push	a
      00037D A6 01            [ 1] 1081 	ld	a, #0x01
      00037F 6B 02            [ 1] 1082 	ld	(0x02, sp), a
      000381 7B 04            [ 1] 1083 	ld	a, (0x04, sp)
      000383 27 05            [ 1] 1084 	jreq	00104$
      000385                       1085 00103$:
      000385 08 02            [ 1] 1086 	sll	(0x02, sp)
      000387 4A               [ 1] 1087 	dec	a
      000388 26 FB            [ 1] 1088 	jrne	00103$
      00038A                       1089 00104$:
      00038A 84               [ 1] 1090 	pop	a
      00038B 1A 01            [ 1] 1091 	or	a, (0x01, sp)
      00038D F7               [ 1] 1092 	ld	(x), a
                                   1093 ;	.\../STM8S103F3_Drivers/gpio.h: 100: port->CR1 &= ~(1U << pin);
      00038E 93               [ 1] 1094 	ldw	x, y
      00038F 1C 00 03         [ 2] 1095 	addw	x, #0x0003
      000392 F6               [ 1] 1096 	ld	a, (x)
      000393 6B 02            [ 1] 1097 	ld	(0x02, sp), a
      000395 7B 01            [ 1] 1098 	ld	a, (0x01, sp)
      000397 43               [ 1] 1099 	cpl	a
      000398 14 02            [ 1] 1100 	and	a, (0x02, sp)
      00039A F7               [ 1] 1101 	ld	(x), a
                                   1102 ;	.\../STM8S103F3_Drivers/gpio.h: 101: port->CR2 |= (1U << pin);
      00039B 93               [ 1] 1103 	ldw	x, y
      00039C 1C 00 04         [ 2] 1104 	addw	x, #0x0004
      00039F F6               [ 1] 1105 	ld	a, (x)
      0003A0 1A 01            [ 1] 1106 	or	a, (0x01, sp)
      0003A2 F7               [ 1] 1107 	ld	(x), a
                                   1108 ;	.\../STM8S103F3_Drivers/gpio.h: 102: }
      0003A3 5B 03            [ 2] 1109 	addw	sp, #3
      0003A5 81               [ 4] 1110 	ret
                                   1111 ;	.\../STM8S103F3_Drivers/gpio.h: 104: static inline void gpio_out_push_pull_fast_mode(GPIO_PORT_REG *port, uint8_t pin) {
                                   1112 ;	-----------------------------------------
                                   1113 ;	 function gpio_out_push_pull_fast_mode
                                   1114 ;	-----------------------------------------
      0003A6                       1115 _gpio_out_push_pull_fast_mode:
      0003A6 52 02            [ 2] 1116 	sub	sp, #2
      0003A8 51               [ 1] 1117 	exgw	x, y
      0003A9 6B 02            [ 1] 1118 	ld	(0x02, sp), a
                                   1119 ;	.\../STM8S103F3_Drivers/gpio.h: 105: port->DDR |= (1U << pin);
      0003AB 93               [ 1] 1120 	ldw	x, y
      0003AC 5C               [ 1] 1121 	incw	x
      0003AD 5C               [ 1] 1122 	incw	x
      0003AE F6               [ 1] 1123 	ld	a, (x)
      0003AF 88               [ 1] 1124 	push	a
      0003B0 A6 01            [ 1] 1125 	ld	a, #0x01
      0003B2 6B 02            [ 1] 1126 	ld	(0x02, sp), a
      0003B4 7B 03            [ 1] 1127 	ld	a, (0x03, sp)
      0003B6 27 05            [ 1] 1128 	jreq	00104$
      0003B8                       1129 00103$:
      0003B8 08 02            [ 1] 1130 	sll	(0x02, sp)
      0003BA 4A               [ 1] 1131 	dec	a
      0003BB 26 FB            [ 1] 1132 	jrne	00103$
      0003BD                       1133 00104$:
      0003BD 84               [ 1] 1134 	pop	a
      0003BE 1A 01            [ 1] 1135 	or	a, (0x01, sp)
      0003C0 F7               [ 1] 1136 	ld	(x), a
                                   1137 ;	.\../STM8S103F3_Drivers/gpio.h: 106: port->CR1 |= (1U << pin);
      0003C1 93               [ 1] 1138 	ldw	x, y
      0003C2 1C 00 03         [ 2] 1139 	addw	x, #0x0003
      0003C5 F6               [ 1] 1140 	ld	a, (x)
      0003C6 1A 01            [ 1] 1141 	or	a, (0x01, sp)
      0003C8 F7               [ 1] 1142 	ld	(x), a
                                   1143 ;	.\../STM8S103F3_Drivers/gpio.h: 107: port->CR2 |= (1U << pin);
      0003C9 93               [ 1] 1144 	ldw	x, y
      0003CA 1C 00 04         [ 2] 1145 	addw	x, #0x0004
      0003CD F6               [ 1] 1146 	ld	a, (x)
      0003CE 1A 01            [ 1] 1147 	or	a, (0x01, sp)
      0003D0 F7               [ 1] 1148 	ld	(x), a
                                   1149 ;	.\../STM8S103F3_Drivers/gpio.h: 108: }
      0003D1 5B 02            [ 2] 1150 	addw	sp, #2
      0003D3 81               [ 4] 1151 	ret
                                   1152 ;	.\../STM8S103F3_Drivers/gpio.h: 113: static inline void gpio_mode_output_init(GPIO_PORT_REG *port, uint8_t pin) {
                                   1153 ;	-----------------------------------------
                                   1154 ;	 function gpio_mode_output_init
                                   1155 ;	-----------------------------------------
      0003D4                       1156 _gpio_mode_output_init:
      0003D4 52 02            [ 2] 1157 	sub	sp, #2
      0003D6 6B 02            [ 1] 1158 	ld	(0x02, sp), a
                                   1159 ;	.\../STM8S103F3_Drivers/gpio.h: 114: port->DDR |= (1U << pin);
      0003D8 5C               [ 1] 1160 	incw	x
      0003D9 5C               [ 1] 1161 	incw	x
      0003DA F6               [ 1] 1162 	ld	a, (x)
      0003DB 88               [ 1] 1163 	push	a
      0003DC A6 01            [ 1] 1164 	ld	a, #0x01
      0003DE 6B 02            [ 1] 1165 	ld	(0x02, sp), a
      0003E0 7B 03            [ 1] 1166 	ld	a, (0x03, sp)
      0003E2 27 05            [ 1] 1167 	jreq	00104$
      0003E4                       1168 00103$:
      0003E4 08 02            [ 1] 1169 	sll	(0x02, sp)
      0003E6 4A               [ 1] 1170 	dec	a
      0003E7 26 FB            [ 1] 1171 	jrne	00103$
      0003E9                       1172 00104$:
      0003E9 84               [ 1] 1173 	pop	a
      0003EA 1A 01            [ 1] 1174 	or	a, (0x01, sp)
      0003EC F7               [ 1] 1175 	ld	(x), a
                                   1176 ;	.\../STM8S103F3_Drivers/gpio.h: 115: }
      0003ED 5B 02            [ 2] 1177 	addw	sp, #2
      0003EF 81               [ 4] 1178 	ret
                                   1179 ;	.\../STM8S103F3_Drivers/gpio.h: 117: static inline void gpio_mode_input_init(GPIO_PORT_REG *port, uint8_t pin) {
                                   1180 ;	-----------------------------------------
                                   1181 ;	 function gpio_mode_input_init
                                   1182 ;	-----------------------------------------
      0003F0                       1183 _gpio_mode_input_init:
      0003F0 52 02            [ 2] 1184 	sub	sp, #2
      0003F2 6B 02            [ 1] 1185 	ld	(0x02, sp), a
                                   1186 ;	.\../STM8S103F3_Drivers/gpio.h: 118: port->DDR &= ~(1U << pin);
      0003F4 5C               [ 1] 1187 	incw	x
      0003F5 5C               [ 1] 1188 	incw	x
      0003F6 F6               [ 1] 1189 	ld	a, (x)
      0003F7 6B 01            [ 1] 1190 	ld	(0x01, sp), a
      0003F9 A6 01            [ 1] 1191 	ld	a, #0x01
      0003FB 88               [ 1] 1192 	push	a
      0003FC 7B 03            [ 1] 1193 	ld	a, (0x03, sp)
      0003FE 27 05            [ 1] 1194 	jreq	00104$
      000400                       1195 00103$:
      000400 08 01            [ 1] 1196 	sll	(1, sp)
      000402 4A               [ 1] 1197 	dec	a
      000403 26 FB            [ 1] 1198 	jrne	00103$
      000405                       1199 00104$:
      000405 84               [ 1] 1200 	pop	a
      000406 43               [ 1] 1201 	cpl	a
      000407 14 01            [ 1] 1202 	and	a, (0x01, sp)
      000409 F7               [ 1] 1203 	ld	(x), a
                                   1204 ;	.\../STM8S103F3_Drivers/gpio.h: 119: }
      00040A 5B 02            [ 2] 1205 	addw	sp, #2
      00040C 81               [ 4] 1206 	ret
                                   1207 ;	.\../STM8S103F3_Drivers/gpio.h: 123: static inline void gpio_in_pull_up_enable(GPIO_PORT_REG *port, uint8_t pin) {
                                   1208 ;	-----------------------------------------
                                   1209 ;	 function gpio_in_pull_up_enable
                                   1210 ;	-----------------------------------------
      00040D                       1211 _gpio_in_pull_up_enable:
      00040D 52 02            [ 2] 1212 	sub	sp, #2
      00040F 6B 02            [ 1] 1213 	ld	(0x02, sp), a
                                   1214 ;	.\../STM8S103F3_Drivers/gpio.h: 124: port->CR1 |= (1U << pin);
      000411 1C 00 03         [ 2] 1215 	addw	x, #0x0003
      000414 F6               [ 1] 1216 	ld	a, (x)
      000415 88               [ 1] 1217 	push	a
      000416 A6 01            [ 1] 1218 	ld	a, #0x01
      000418 6B 02            [ 1] 1219 	ld	(0x02, sp), a
      00041A 7B 03            [ 1] 1220 	ld	a, (0x03, sp)
      00041C 27 05            [ 1] 1221 	jreq	00104$
      00041E                       1222 00103$:
      00041E 08 02            [ 1] 1223 	sll	(0x02, sp)
      000420 4A               [ 1] 1224 	dec	a
      000421 26 FB            [ 1] 1225 	jrne	00103$
      000423                       1226 00104$:
      000423 84               [ 1] 1227 	pop	a
      000424 1A 01            [ 1] 1228 	or	a, (0x01, sp)
      000426 F7               [ 1] 1229 	ld	(x), a
                                   1230 ;	.\../STM8S103F3_Drivers/gpio.h: 125: }
      000427 5B 02            [ 2] 1231 	addw	sp, #2
      000429 81               [ 4] 1232 	ret
                                   1233 ;	.\../STM8S103F3_Drivers/gpio.h: 127: static inline void gpio_in_pull_up_disable(GPIO_PORT_REG *port, uint8_t pin) {
                                   1234 ;	-----------------------------------------
                                   1235 ;	 function gpio_in_pull_up_disable
                                   1236 ;	-----------------------------------------
      00042A                       1237 _gpio_in_pull_up_disable:
      00042A 52 02            [ 2] 1238 	sub	sp, #2
      00042C 6B 02            [ 1] 1239 	ld	(0x02, sp), a
                                   1240 ;	.\../STM8S103F3_Drivers/gpio.h: 128: port->CR1 &= ~(1U << pin);
      00042E 1C 00 03         [ 2] 1241 	addw	x, #0x0003
      000431 F6               [ 1] 1242 	ld	a, (x)
      000432 6B 01            [ 1] 1243 	ld	(0x01, sp), a
      000434 A6 01            [ 1] 1244 	ld	a, #0x01
      000436 88               [ 1] 1245 	push	a
      000437 7B 03            [ 1] 1246 	ld	a, (0x03, sp)
      000439 27 05            [ 1] 1247 	jreq	00104$
      00043B                       1248 00103$:
      00043B 08 01            [ 1] 1249 	sll	(1, sp)
      00043D 4A               [ 1] 1250 	dec	a
      00043E 26 FB            [ 1] 1251 	jrne	00103$
      000440                       1252 00104$:
      000440 84               [ 1] 1253 	pop	a
      000441 43               [ 1] 1254 	cpl	a
      000442 14 01            [ 1] 1255 	and	a, (0x01, sp)
      000444 F7               [ 1] 1256 	ld	(x), a
                                   1257 ;	.\../STM8S103F3_Drivers/gpio.h: 129: }
      000445 5B 02            [ 2] 1258 	addw	sp, #2
      000447 81               [ 4] 1259 	ret
                                   1260 ;	.\../STM8S103F3_Drivers/gpio.h: 131: static inline void gpio_in_irq_enable(GPIO_PORT_REG *port, uint8_t pin) {
                                   1261 ;	-----------------------------------------
                                   1262 ;	 function gpio_in_irq_enable
                                   1263 ;	-----------------------------------------
      000448                       1264 _gpio_in_irq_enable:
      000448 52 02            [ 2] 1265 	sub	sp, #2
      00044A 6B 02            [ 1] 1266 	ld	(0x02, sp), a
                                   1267 ;	.\../STM8S103F3_Drivers/gpio.h: 132: port->CR2 |= (1U << pin);
      00044C 1C 00 04         [ 2] 1268 	addw	x, #0x0004
      00044F F6               [ 1] 1269 	ld	a, (x)
      000450 88               [ 1] 1270 	push	a
      000451 A6 01            [ 1] 1271 	ld	a, #0x01
      000453 6B 02            [ 1] 1272 	ld	(0x02, sp), a
      000455 7B 03            [ 1] 1273 	ld	a, (0x03, sp)
      000457 27 05            [ 1] 1274 	jreq	00104$
      000459                       1275 00103$:
      000459 08 02            [ 1] 1276 	sll	(0x02, sp)
      00045B 4A               [ 1] 1277 	dec	a
      00045C 26 FB            [ 1] 1278 	jrne	00103$
      00045E                       1279 00104$:
      00045E 84               [ 1] 1280 	pop	a
      00045F 1A 01            [ 1] 1281 	or	a, (0x01, sp)
      000461 F7               [ 1] 1282 	ld	(x), a
                                   1283 ;	.\../STM8S103F3_Drivers/gpio.h: 133: }
      000462 5B 02            [ 2] 1284 	addw	sp, #2
      000464 81               [ 4] 1285 	ret
                                   1286 ;	.\../STM8S103F3_Drivers/gpio.h: 135: static inline void gpio_in_irq_disable(GPIO_PORT_REG *port, uint8_t pin) {
                                   1287 ;	-----------------------------------------
                                   1288 ;	 function gpio_in_irq_disable
                                   1289 ;	-----------------------------------------
      000465                       1290 _gpio_in_irq_disable:
      000465 52 02            [ 2] 1291 	sub	sp, #2
      000467 6B 02            [ 1] 1292 	ld	(0x02, sp), a
                                   1293 ;	.\../STM8S103F3_Drivers/gpio.h: 136: port->CR2 &= ~(1U << pin);
      000469 1C 00 04         [ 2] 1294 	addw	x, #0x0004
      00046C F6               [ 1] 1295 	ld	a, (x)
      00046D 6B 01            [ 1] 1296 	ld	(0x01, sp), a
      00046F A6 01            [ 1] 1297 	ld	a, #0x01
      000471 88               [ 1] 1298 	push	a
      000472 7B 03            [ 1] 1299 	ld	a, (0x03, sp)
      000474 27 05            [ 1] 1300 	jreq	00104$
      000476                       1301 00103$:
      000476 08 01            [ 1] 1302 	sll	(1, sp)
      000478 4A               [ 1] 1303 	dec	a
      000479 26 FB            [ 1] 1304 	jrne	00103$
      00047B                       1305 00104$:
      00047B 84               [ 1] 1306 	pop	a
      00047C 43               [ 1] 1307 	cpl	a
      00047D 14 01            [ 1] 1308 	and	a, (0x01, sp)
      00047F F7               [ 1] 1309 	ld	(x), a
                                   1310 ;	.\../STM8S103F3_Drivers/gpio.h: 137: }
      000480 5B 02            [ 2] 1311 	addw	sp, #2
      000482 81               [ 4] 1312 	ret
                                   1313 ;	.\../STM8S103F3_Drivers/gpio.h: 141: static inline void gpio_out_push_pull_enable(GPIO_PORT_REG *port, uint8_t pin) {
                                   1314 ;	-----------------------------------------
                                   1315 ;	 function gpio_out_push_pull_enable
                                   1316 ;	-----------------------------------------
      000483                       1317 _gpio_out_push_pull_enable:
      000483 52 02            [ 2] 1318 	sub	sp, #2
      000485 6B 02            [ 1] 1319 	ld	(0x02, sp), a
                                   1320 ;	.\../STM8S103F3_Drivers/gpio.h: 142: port->CR1 |= (1U << pin);
      000487 1C 00 03         [ 2] 1321 	addw	x, #0x0003
      00048A F6               [ 1] 1322 	ld	a, (x)
      00048B 88               [ 1] 1323 	push	a
      00048C A6 01            [ 1] 1324 	ld	a, #0x01
      00048E 6B 02            [ 1] 1325 	ld	(0x02, sp), a
      000490 7B 03            [ 1] 1326 	ld	a, (0x03, sp)
      000492 27 05            [ 1] 1327 	jreq	00104$
      000494                       1328 00103$:
      000494 08 02            [ 1] 1329 	sll	(0x02, sp)
      000496 4A               [ 1] 1330 	dec	a
      000497 26 FB            [ 1] 1331 	jrne	00103$
      000499                       1332 00104$:
      000499 84               [ 1] 1333 	pop	a
      00049A 1A 01            [ 1] 1334 	or	a, (0x01, sp)
      00049C F7               [ 1] 1335 	ld	(x), a
                                   1336 ;	.\../STM8S103F3_Drivers/gpio.h: 143: }
      00049D 5B 02            [ 2] 1337 	addw	sp, #2
      00049F 81               [ 4] 1338 	ret
                                   1339 ;	.\../STM8S103F3_Drivers/gpio.h: 145: static inline void gpio_out_open_drain_enable(GPIO_PORT_REG *port, uint8_t pin) {
                                   1340 ;	-----------------------------------------
                                   1341 ;	 function gpio_out_open_drain_enable
                                   1342 ;	-----------------------------------------
      0004A0                       1343 _gpio_out_open_drain_enable:
      0004A0 52 02            [ 2] 1344 	sub	sp, #2
      0004A2 6B 02            [ 1] 1345 	ld	(0x02, sp), a
                                   1346 ;	.\../STM8S103F3_Drivers/gpio.h: 146: port->CR1 &= ~(1U << pin);
      0004A4 1C 00 03         [ 2] 1347 	addw	x, #0x0003
      0004A7 F6               [ 1] 1348 	ld	a, (x)
      0004A8 6B 01            [ 1] 1349 	ld	(0x01, sp), a
      0004AA A6 01            [ 1] 1350 	ld	a, #0x01
      0004AC 88               [ 1] 1351 	push	a
      0004AD 7B 03            [ 1] 1352 	ld	a, (0x03, sp)
      0004AF 27 05            [ 1] 1353 	jreq	00104$
      0004B1                       1354 00103$:
      0004B1 08 01            [ 1] 1355 	sll	(1, sp)
      0004B3 4A               [ 1] 1356 	dec	a
      0004B4 26 FB            [ 1] 1357 	jrne	00103$
      0004B6                       1358 00104$:
      0004B6 84               [ 1] 1359 	pop	a
      0004B7 43               [ 1] 1360 	cpl	a
      0004B8 14 01            [ 1] 1361 	and	a, (0x01, sp)
      0004BA F7               [ 1] 1362 	ld	(x), a
                                   1363 ;	.\../STM8S103F3_Drivers/gpio.h: 147: }
      0004BB 5B 02            [ 2] 1364 	addw	sp, #2
      0004BD 81               [ 4] 1365 	ret
                                   1366 ;	.\../STM8S103F3_Drivers/gpio.h: 149: static inline void gpio_out_fast_mode_enable(GPIO_PORT_REG *port, uint8_t pin) {
                                   1367 ;	-----------------------------------------
                                   1368 ;	 function gpio_out_fast_mode_enable
                                   1369 ;	-----------------------------------------
      0004BE                       1370 _gpio_out_fast_mode_enable:
      0004BE 52 02            [ 2] 1371 	sub	sp, #2
      0004C0 6B 02            [ 1] 1372 	ld	(0x02, sp), a
                                   1373 ;	.\../STM8S103F3_Drivers/gpio.h: 150: port->CR2 |= (1U << pin);
      0004C2 1C 00 04         [ 2] 1374 	addw	x, #0x0004
      0004C5 F6               [ 1] 1375 	ld	a, (x)
      0004C6 88               [ 1] 1376 	push	a
      0004C7 A6 01            [ 1] 1377 	ld	a, #0x01
      0004C9 6B 02            [ 1] 1378 	ld	(0x02, sp), a
      0004CB 7B 03            [ 1] 1379 	ld	a, (0x03, sp)
      0004CD 27 05            [ 1] 1380 	jreq	00104$
      0004CF                       1381 00103$:
      0004CF 08 02            [ 1] 1382 	sll	(0x02, sp)
      0004D1 4A               [ 1] 1383 	dec	a
      0004D2 26 FB            [ 1] 1384 	jrne	00103$
      0004D4                       1385 00104$:
      0004D4 84               [ 1] 1386 	pop	a
      0004D5 1A 01            [ 1] 1387 	or	a, (0x01, sp)
      0004D7 F7               [ 1] 1388 	ld	(x), a
                                   1389 ;	.\../STM8S103F3_Drivers/gpio.h: 151: }
      0004D8 5B 02            [ 2] 1390 	addw	sp, #2
      0004DA 81               [ 4] 1391 	ret
                                   1392 ;	.\../STM8S103F3_Drivers/gpio.h: 153: static inline void gpio_out_fast_mode_disable(GPIO_PORT_REG *port, uint8_t pin) {
                                   1393 ;	-----------------------------------------
                                   1394 ;	 function gpio_out_fast_mode_disable
                                   1395 ;	-----------------------------------------
      0004DB                       1396 _gpio_out_fast_mode_disable:
      0004DB 52 02            [ 2] 1397 	sub	sp, #2
      0004DD 6B 02            [ 1] 1398 	ld	(0x02, sp), a
                                   1399 ;	.\../STM8S103F3_Drivers/gpio.h: 154: port->CR2 &= ~(1U << pin);
      0004DF 1C 00 04         [ 2] 1400 	addw	x, #0x0004
      0004E2 F6               [ 1] 1401 	ld	a, (x)
      0004E3 6B 01            [ 1] 1402 	ld	(0x01, sp), a
      0004E5 A6 01            [ 1] 1403 	ld	a, #0x01
      0004E7 88               [ 1] 1404 	push	a
      0004E8 7B 03            [ 1] 1405 	ld	a, (0x03, sp)
      0004EA 27 05            [ 1] 1406 	jreq	00104$
      0004EC                       1407 00103$:
      0004EC 08 01            [ 1] 1408 	sll	(1, sp)
      0004EE 4A               [ 1] 1409 	dec	a
      0004EF 26 FB            [ 1] 1410 	jrne	00103$
      0004F1                       1411 00104$:
      0004F1 84               [ 1] 1412 	pop	a
      0004F2 43               [ 1] 1413 	cpl	a
      0004F3 14 01            [ 1] 1414 	and	a, (0x01, sp)
      0004F5 F7               [ 1] 1415 	ld	(x), a
                                   1416 ;	.\../STM8S103F3_Drivers/gpio.h: 155: }
      0004F6 5B 02            [ 2] 1417 	addw	sp, #2
      0004F8 81               [ 4] 1418 	ret
                                   1419 ;	.\../STM8S103F3_Drivers/gpio.h: 161: static inline uint8_t gpio_input_fast_read(GPIO_PORT_REG *port, uint8_t pin) {
                                   1420 ;	-----------------------------------------
                                   1421 ;	 function gpio_input_fast_read
                                   1422 ;	-----------------------------------------
      0004F9                       1423 _gpio_input_fast_read:
      0004F9 88               [ 1] 1424 	push	a
      0004FA 6B 01            [ 1] 1425 	ld	(0x01, sp), a
                                   1426 ;	.\../STM8S103F3_Drivers/gpio.h: 162: return ((port->IDR >> pin) & 1);   
      0004FC E6 01            [ 1] 1427 	ld	a, (0x1, x)
      0004FE 88               [ 1] 1428 	push	a
      0004FF 7B 02            [ 1] 1429 	ld	a, (0x02, sp)
      000501 27 05            [ 1] 1430 	jreq	00104$
      000503                       1431 00103$:
      000503 04 01            [ 1] 1432 	srl	(1, sp)
      000505 4A               [ 1] 1433 	dec	a
      000506 26 FB            [ 1] 1434 	jrne	00103$
      000508                       1435 00104$:
      000508 84               [ 1] 1436 	pop	a
      000509 A4 01            [ 1] 1437 	and	a, #0x01
                                   1438 ;	.\../STM8S103F3_Drivers/gpio.h: 163: }
      00050B 5B 01            [ 2] 1439 	addw	sp, #1
      00050D 81               [ 4] 1440 	ret
                                   1441 ;	.\../STM8S103F3_Drivers/gpio.h: 171: static inline void gpio_output_fast_set(GPIO_PORT_REG *port, uint8_t pin) {
                                   1442 ;	-----------------------------------------
                                   1443 ;	 function gpio_output_fast_set
                                   1444 ;	-----------------------------------------
      00050E                       1445 _gpio_output_fast_set:
      00050E 52 02            [ 2] 1446 	sub	sp, #2
      000510 6B 02            [ 1] 1447 	ld	(0x02, sp), a
                                   1448 ;	.\../STM8S103F3_Drivers/gpio.h: 172: port->ODR |= (1U << pin);
      000512 F6               [ 1] 1449 	ld	a, (x)
      000513 88               [ 1] 1450 	push	a
      000514 A6 01            [ 1] 1451 	ld	a, #0x01
      000516 6B 02            [ 1] 1452 	ld	(0x02, sp), a
      000518 7B 03            [ 1] 1453 	ld	a, (0x03, sp)
      00051A 27 05            [ 1] 1454 	jreq	00104$
      00051C                       1455 00103$:
      00051C 08 02            [ 1] 1456 	sll	(0x02, sp)
      00051E 4A               [ 1] 1457 	dec	a
      00051F 26 FB            [ 1] 1458 	jrne	00103$
      000521                       1459 00104$:
      000521 84               [ 1] 1460 	pop	a
      000522 1A 01            [ 1] 1461 	or	a, (0x01, sp)
      000524 F7               [ 1] 1462 	ld	(x), a
                                   1463 ;	.\../STM8S103F3_Drivers/gpio.h: 173: }
      000525 5B 02            [ 2] 1464 	addw	sp, #2
      000527 81               [ 4] 1465 	ret
                                   1466 ;	.\../STM8S103F3_Drivers/gpio.h: 177: static inline void gpio_output_fast_clear(GPIO_PORT_REG *port, uint8_t pin) {
                                   1467 ;	-----------------------------------------
                                   1468 ;	 function gpio_output_fast_clear
                                   1469 ;	-----------------------------------------
      000528                       1470 _gpio_output_fast_clear:
      000528 52 02            [ 2] 1471 	sub	sp, #2
      00052A 6B 02            [ 1] 1472 	ld	(0x02, sp), a
                                   1473 ;	.\../STM8S103F3_Drivers/gpio.h: 178: port->ODR &= ~(1U << pin);
      00052C F6               [ 1] 1474 	ld	a, (x)
      00052D 6B 01            [ 1] 1475 	ld	(0x01, sp), a
      00052F A6 01            [ 1] 1476 	ld	a, #0x01
      000531 88               [ 1] 1477 	push	a
      000532 7B 03            [ 1] 1478 	ld	a, (0x03, sp)
      000534 27 05            [ 1] 1479 	jreq	00104$
      000536                       1480 00103$:
      000536 08 01            [ 1] 1481 	sll	(1, sp)
      000538 4A               [ 1] 1482 	dec	a
      000539 26 FB            [ 1] 1483 	jrne	00103$
      00053B                       1484 00104$:
      00053B 84               [ 1] 1485 	pop	a
      00053C 43               [ 1] 1486 	cpl	a
      00053D 14 01            [ 1] 1487 	and	a, (0x01, sp)
      00053F F7               [ 1] 1488 	ld	(x), a
                                   1489 ;	.\../STM8S103F3_Drivers/gpio.h: 179: }
      000540 5B 02            [ 2] 1490 	addw	sp, #2
      000542 81               [ 4] 1491 	ret
                                   1492 ;	.\../STM8S103F3_Drivers/gpio.h: 185: static inline uint8_t gpio_output_fast_read(GPIO_PORT_REG *port, uint8_t pin) {
                                   1493 ;	-----------------------------------------
                                   1494 ;	 function gpio_output_fast_read
                                   1495 ;	-----------------------------------------
      000543                       1496 _gpio_output_fast_read:
      000543 88               [ 1] 1497 	push	a
      000544 6B 01            [ 1] 1498 	ld	(0x01, sp), a
                                   1499 ;	.\../STM8S103F3_Drivers/gpio.h: 186: return ((port->ODR >> pin) & 1);
      000546 F6               [ 1] 1500 	ld	a, (x)
      000547 88               [ 1] 1501 	push	a
      000548 7B 02            [ 1] 1502 	ld	a, (0x02, sp)
      00054A 27 05            [ 1] 1503 	jreq	00104$
      00054C                       1504 00103$:
      00054C 04 01            [ 1] 1505 	srl	(1, sp)
      00054E 4A               [ 1] 1506 	dec	a
      00054F 26 FB            [ 1] 1507 	jrne	00103$
      000551                       1508 00104$:
      000551 84               [ 1] 1509 	pop	a
      000552 A4 01            [ 1] 1510 	and	a, #0x01
                                   1511 ;	.\../STM8S103F3_Drivers/gpio.h: 187: }
      000554 5B 01            [ 2] 1512 	addw	sp, #1
      000556 81               [ 4] 1513 	ret
                                   1514 ;	.\../STM8S103F3_Drivers/gpio.h: 193: static inline void gpio_output_fast_toggle(GPIO_PORT_REG *port, uint8_t pin) {
                                   1515 ;	-----------------------------------------
                                   1516 ;	 function gpio_output_fast_toggle
                                   1517 ;	-----------------------------------------
      000557                       1518 _gpio_output_fast_toggle:
      000557 52 02            [ 2] 1519 	sub	sp, #2
      000559 6B 02            [ 1] 1520 	ld	(0x02, sp), a
                                   1521 ;	.\../STM8S103F3_Drivers/gpio.h: 194: port->ODR ^= (1U << pin);
      00055B F6               [ 1] 1522 	ld	a, (x)
      00055C 88               [ 1] 1523 	push	a
      00055D A6 01            [ 1] 1524 	ld	a, #0x01
      00055F 6B 02            [ 1] 1525 	ld	(0x02, sp), a
      000561 7B 03            [ 1] 1526 	ld	a, (0x03, sp)
      000563 27 05            [ 1] 1527 	jreq	00104$
      000565                       1528 00103$:
      000565 08 02            [ 1] 1529 	sll	(0x02, sp)
      000567 4A               [ 1] 1530 	dec	a
      000568 26 FB            [ 1] 1531 	jrne	00103$
      00056A                       1532 00104$:
      00056A 84               [ 1] 1533 	pop	a
      00056B 18 01            [ 1] 1534 	xor	a, (0x01, sp)
      00056D F7               [ 1] 1535 	ld	(x), a
                                   1536 ;	.\../STM8S103F3_Drivers/gpio.h: 195: }
      00056E 5B 02            [ 2] 1537 	addw	sp, #2
      000570 81               [ 4] 1538 	ret
                                   1539 ;	.\../STM8S103F3_Drivers/timer.h: 244: static inline void tim4_counter_enable(void) {
                                   1540 ;	-----------------------------------------
                                   1541 ;	 function tim4_counter_enable
                                   1542 ;	-----------------------------------------
      000571                       1543 _tim4_counter_enable:
                                   1544 ;	.\../STM8S103F3_Drivers/timer.h: 245: TIM4->CR1 |= (1U << 0);
      000571 72 10 53 40      [ 1] 1545 	bset	0x5340, #0
                                   1546 ;	.\../STM8S103F3_Drivers/timer.h: 246: }
      000575 81               [ 4] 1547 	ret
                                   1548 ;	.\../STM8S103F3_Drivers/timer.h: 248: static inline void tim4_counter_disable(void) {
                                   1549 ;	-----------------------------------------
                                   1550 ;	 function tim4_counter_disable
                                   1551 ;	-----------------------------------------
      000576                       1552 _tim4_counter_disable:
                                   1553 ;	.\../STM8S103F3_Drivers/timer.h: 249: TIM4->CR1 &= ~(1U << 0);
      000576 72 11 53 40      [ 1] 1554 	bres	0x5340, #0
                                   1555 ;	.\../STM8S103F3_Drivers/timer.h: 250: } 
      00057A 81               [ 4] 1556 	ret
                                   1557 ;	.\../STM8S103F3_Drivers/timer.h: 252: static inline void tim4_auto_update_event_enable(void) {
                                   1558 ;	-----------------------------------------
                                   1559 ;	 function tim4_auto_update_event_enable
                                   1560 ;	-----------------------------------------
      00057B                       1561 _tim4_auto_update_event_enable:
                                   1562 ;	.\../STM8S103F3_Drivers/timer.h: 253: TIM4->CR1 &= ~(1U << 1);
      00057B 72 13 53 40      [ 1] 1563 	bres	0x5340, #1
                                   1564 ;	.\../STM8S103F3_Drivers/timer.h: 254: }
      00057F 81               [ 4] 1565 	ret
                                   1566 ;	.\../STM8S103F3_Drivers/timer.h: 256: static inline void tim4_auto_update_event_disable(void) {
                                   1567 ;	-----------------------------------------
                                   1568 ;	 function tim4_auto_update_event_disable
                                   1569 ;	-----------------------------------------
      000580                       1570 _tim4_auto_update_event_disable:
                                   1571 ;	.\../STM8S103F3_Drivers/timer.h: 257: TIM4->CR1 |= (1U << 1);
      000580 72 12 53 40      [ 1] 1572 	bset	0x5340, #1
                                   1573 ;	.\../STM8S103F3_Drivers/timer.h: 258: }
      000584 81               [ 4] 1574 	ret
                                   1575 ;	.\../STM8S103F3_Drivers/timer.h: 260: static inline void tim4_update_req_src_any_event_set(void) {
                                   1576 ;	-----------------------------------------
                                   1577 ;	 function tim4_update_req_src_any_event_set
                                   1578 ;	-----------------------------------------
      000585                       1579 _tim4_update_req_src_any_event_set:
                                   1580 ;	.\../STM8S103F3_Drivers/timer.h: 261: TIM4->CR1 &= ~(1U << 2);
      000585 72 15 53 40      [ 1] 1581 	bres	0x5340, #2
                                   1582 ;	.\../STM8S103F3_Drivers/timer.h: 262: }
      000589 81               [ 4] 1583 	ret
                                   1584 ;	.\../STM8S103F3_Drivers/timer.h: 264: static inline void tim4_update_req_src_overflow_underflow_only_set(void) {
                                   1585 ;	-----------------------------------------
                                   1586 ;	 function tim4_update_req_src_overflow_underflow_only_set
                                   1587 ;	-----------------------------------------
      00058A                       1588 _tim4_update_req_src_overflow_underflow_only_set:
                                   1589 ;	.\../STM8S103F3_Drivers/timer.h: 265: TIM4->CR1 |= (1U << 2);
      00058A 72 14 53 40      [ 1] 1590 	bset	0x5340, #2
                                   1591 ;	.\../STM8S103F3_Drivers/timer.h: 266: }
      00058E 81               [ 4] 1592 	ret
                                   1593 ;	.\../STM8S103F3_Drivers/timer.h: 268: static inline void tim4_one_pulse_mode_enable(void) {
                                   1594 ;	-----------------------------------------
                                   1595 ;	 function tim4_one_pulse_mode_enable
                                   1596 ;	-----------------------------------------
      00058F                       1597 _tim4_one_pulse_mode_enable:
                                   1598 ;	.\../STM8S103F3_Drivers/timer.h: 269: TIM4->CR1 |= (1U << 3);
      00058F 72 16 53 40      [ 1] 1599 	bset	0x5340, #3
                                   1600 ;	.\../STM8S103F3_Drivers/timer.h: 270: }
      000593 81               [ 4] 1601 	ret
                                   1602 ;	.\../STM8S103F3_Drivers/timer.h: 272: static inline void tim4_one_pulse_mode_disable(void) {
                                   1603 ;	-----------------------------------------
                                   1604 ;	 function tim4_one_pulse_mode_disable
                                   1605 ;	-----------------------------------------
      000594                       1606 _tim4_one_pulse_mode_disable:
                                   1607 ;	.\../STM8S103F3_Drivers/timer.h: 273: TIM4->CR1 &= ~(1U << 3);
      000594 72 17 53 40      [ 1] 1608 	bres	0x5340, #3
                                   1609 ;	.\../STM8S103F3_Drivers/timer.h: 274: }
      000598 81               [ 4] 1610 	ret
                                   1611 ;	.\../STM8S103F3_Drivers/timer.h: 276: static inline void tim4_auto_reload_preload_enable(void) {
                                   1612 ;	-----------------------------------------
                                   1613 ;	 function tim4_auto_reload_preload_enable
                                   1614 ;	-----------------------------------------
      000599                       1615 _tim4_auto_reload_preload_enable:
                                   1616 ;	.\../STM8S103F3_Drivers/timer.h: 277: TIM4->CR1 |= (1U << 7);
      000599 72 1E 53 40      [ 1] 1617 	bset	0x5340, #7
                                   1618 ;	.\../STM8S103F3_Drivers/timer.h: 278: }
      00059D 81               [ 4] 1619 	ret
                                   1620 ;	.\../STM8S103F3_Drivers/timer.h: 280: static inline void tim4_auto_reload_preload_disable(void) {
                                   1621 ;	-----------------------------------------
                                   1622 ;	 function tim4_auto_reload_preload_disable
                                   1623 ;	-----------------------------------------
      00059E                       1624 _tim4_auto_reload_preload_disable:
                                   1625 ;	.\../STM8S103F3_Drivers/timer.h: 281: TIM4->CR1 &= ~(1U << 7);
      00059E 72 1F 53 40      [ 1] 1626 	bres	0x5340, #7
                                   1627 ;	.\../STM8S103F3_Drivers/timer.h: 282: }
      0005A2 81               [ 4] 1628 	ret
                                   1629 ;	.\../STM8S103F3_Drivers/timer.h: 287: static inline void tim4_update_irq_enable(void) {
                                   1630 ;	-----------------------------------------
                                   1631 ;	 function tim4_update_irq_enable
                                   1632 ;	-----------------------------------------
      0005A3                       1633 _tim4_update_irq_enable:
                                   1634 ;	.\../STM8S103F3_Drivers/timer.h: 288: TIM4->IER |= (1U << 0);
      0005A3 72 10 53 43      [ 1] 1635 	bset	0x5343, #0
                                   1636 ;	.\../STM8S103F3_Drivers/timer.h: 289: }
      0005A7 81               [ 4] 1637 	ret
                                   1638 ;	.\../STM8S103F3_Drivers/timer.h: 291: static inline void tim4_update_irq_disable(void) {
                                   1639 ;	-----------------------------------------
                                   1640 ;	 function tim4_update_irq_disable
                                   1641 ;	-----------------------------------------
      0005A8                       1642 _tim4_update_irq_disable:
                                   1643 ;	.\../STM8S103F3_Drivers/timer.h: 292: TIM4->IER &= ~(1U << 0);
      0005A8 72 11 53 43      [ 1] 1644 	bres	0x5343, #0
                                   1645 ;	.\../STM8S103F3_Drivers/timer.h: 293: }
      0005AC 81               [ 4] 1646 	ret
                                   1647 ;	.\../STM8S103F3_Drivers/timer.h: 298: static inline void tim4_update_irq_flag_clear(void) {
                                   1648 ;	-----------------------------------------
                                   1649 ;	 function tim4_update_irq_flag_clear
                                   1650 ;	-----------------------------------------
      0005AD                       1651 _tim4_update_irq_flag_clear:
                                   1652 ;	.\../STM8S103F3_Drivers/timer.h: 299: TIM4->SR &= ~(1U << 0);
      0005AD 72 11 53 44      [ 1] 1653 	bres	0x5344, #0
                                   1654 ;	.\../STM8S103F3_Drivers/timer.h: 300: }
      0005B1 81               [ 4] 1655 	ret
                                   1656 ;	.\../STM8S103F3_Drivers/timer.h: 302: static inline uint8_t tim4_update_irq_flag_read(void) {
                                   1657 ;	-----------------------------------------
                                   1658 ;	 function tim4_update_irq_flag_read
                                   1659 ;	-----------------------------------------
      0005B2                       1660 _tim4_update_irq_flag_read:
                                   1661 ;	.\../STM8S103F3_Drivers/timer.h: 303: return ((TIM4->SR >> 0) & 1);
      0005B2 C6 53 44         [ 1] 1662 	ld	a, 0x5344
      0005B5 A4 01            [ 1] 1663 	and	a, #0x01
                                   1664 ;	.\../STM8S103F3_Drivers/timer.h: 304: }
      0005B7 81               [ 4] 1665 	ret
                                   1666 ;	.\../STM8S103F3_Drivers/timer.h: 309: static inline void tim4_update_event_generate(void) {
                                   1667 ;	-----------------------------------------
                                   1668 ;	 function tim4_update_event_generate
                                   1669 ;	-----------------------------------------
      0005B8                       1670 _tim4_update_event_generate:
                                   1671 ;	.\../STM8S103F3_Drivers/timer.h: 310: TIM4->EGR |= (1U << 0);
      0005B8 72 10 53 45      [ 1] 1672 	bset	0x5345, #0
                                   1673 ;	.\../STM8S103F3_Drivers/timer.h: 311: }
      0005BC 81               [ 4] 1674 	ret
                                   1675 ;	.\../STM8S103F3_Drivers/timer.h: 316: static inline void tim4_counter_write(uint8_t value) {
                                   1676 ;	-----------------------------------------
                                   1677 ;	 function tim4_counter_write
                                   1678 ;	-----------------------------------------
      0005BD                       1679 _tim4_counter_write:
                                   1680 ;	.\../STM8S103F3_Drivers/timer.h: 317: TIM4->CNTR = value;    
      0005BD C7 53 46         [ 1] 1681 	ld	0x5346, a
                                   1682 ;	.\../STM8S103F3_Drivers/timer.h: 318: }
      0005C0 81               [ 4] 1683 	ret
                                   1684 ;	.\../STM8S103F3_Drivers/timer.h: 320: static inline uint8_t tim4_counter_read(void) {
                                   1685 ;	-----------------------------------------
                                   1686 ;	 function tim4_counter_read
                                   1687 ;	-----------------------------------------
      0005C1                       1688 _tim4_counter_read:
                                   1689 ;	.\../STM8S103F3_Drivers/timer.h: 321: return TIM4->CNTR;
      0005C1 C6 53 46         [ 1] 1690 	ld	a, 0x5346
                                   1691 ;	.\../STM8S103F3_Drivers/timer.h: 322: }
      0005C4 81               [ 4] 1692 	ret
                                   1693 ;	.\../STM8S103F3_Drivers/timer.h: 327: static inline void tim4_prescaler_set(uint8_t value) {
                                   1694 ;	-----------------------------------------
                                   1695 ;	 function tim4_prescaler_set
                                   1696 ;	-----------------------------------------
      0005C5                       1697 _tim4_prescaler_set:
                                   1698 ;	.\../STM8S103F3_Drivers/timer.h: 328: TIM4->PSCR = value & 0x0F;
      0005C5 A4 0F            [ 1] 1699 	and	a, #0x0f
      0005C7 C7 53 47         [ 1] 1700 	ld	0x5347, a
                                   1701 ;	.\../STM8S103F3_Drivers/timer.h: 329: }
      0005CA 81               [ 4] 1702 	ret
                                   1703 ;	.\../STM8S103F3_Drivers/timer.h: 331: static inline uint8_t tim4_prescaler_read(void) {
                                   1704 ;	-----------------------------------------
                                   1705 ;	 function tim4_prescaler_read
                                   1706 ;	-----------------------------------------
      0005CB                       1707 _tim4_prescaler_read:
                                   1708 ;	.\../STM8S103F3_Drivers/timer.h: 332: return TIM4->PSCR;
      0005CB C6 53 47         [ 1] 1709 	ld	a, 0x5347
                                   1710 ;	.\../STM8S103F3_Drivers/timer.h: 333: }
      0005CE 81               [ 4] 1711 	ret
                                   1712 ;	.\../STM8S103F3_Drivers/timer.h: 338: static inline void tim4_auto_reload_set(uint8_t value) {
                                   1713 ;	-----------------------------------------
                                   1714 ;	 function tim4_auto_reload_set
                                   1715 ;	-----------------------------------------
      0005CF                       1716 _tim4_auto_reload_set:
                                   1717 ;	.\../STM8S103F3_Drivers/timer.h: 339: TIM4->ARR = value;
      0005CF C7 53 48         [ 1] 1718 	ld	0x5348, a
                                   1719 ;	.\../STM8S103F3_Drivers/timer.h: 340: }
      0005D2 81               [ 4] 1720 	ret
                                   1721 ;	.\../STM8S103F3_Drivers/timer.h: 342: static inline uint8_t tim4_auto_reload_read(void) {
                                   1722 ;	-----------------------------------------
                                   1723 ;	 function tim4_auto_reload_read
                                   1724 ;	-----------------------------------------
      0005D3                       1725 _tim4_auto_reload_read:
                                   1726 ;	.\../STM8S103F3_Drivers/timer.h: 343: return TIM4->ARR;
      0005D3 C6 53 48         [ 1] 1727 	ld	a, 0x5348
                                   1728 ;	.\../STM8S103F3_Drivers/timer.h: 344: }
      0005D6 81               [ 4] 1729 	ret
                                   1730 ;	.\../STM8S103F3_Drivers/timer.h: 350: static inline void tim2_counter_enable(void) {
                                   1731 ;	-----------------------------------------
                                   1732 ;	 function tim2_counter_enable
                                   1733 ;	-----------------------------------------
      0005D7                       1734 _tim2_counter_enable:
                                   1735 ;	.\../STM8S103F3_Drivers/timer.h: 351: TIM2->CR1 |= (1U << 0);
      0005D7 72 10 53 00      [ 1] 1736 	bset	0x5300, #0
                                   1737 ;	.\../STM8S103F3_Drivers/timer.h: 352: }
      0005DB 81               [ 4] 1738 	ret
                                   1739 ;	.\../STM8S103F3_Drivers/timer.h: 354: static inline void tim2_counter_disable(void) {
                                   1740 ;	-----------------------------------------
                                   1741 ;	 function tim2_counter_disable
                                   1742 ;	-----------------------------------------
      0005DC                       1743 _tim2_counter_disable:
                                   1744 ;	.\../STM8S103F3_Drivers/timer.h: 355: TIM2->CR1 &= ~(1U << 0);
      0005DC 72 11 53 00      [ 1] 1745 	bres	0x5300, #0
                                   1746 ;	.\../STM8S103F3_Drivers/timer.h: 356: }
      0005E0 81               [ 4] 1747 	ret
                                   1748 ;	.\../STM8S103F3_Drivers/timer.h: 358: static inline void tim2_auto_update_event_enable(void) {
                                   1749 ;	-----------------------------------------
                                   1750 ;	 function tim2_auto_update_event_enable
                                   1751 ;	-----------------------------------------
      0005E1                       1752 _tim2_auto_update_event_enable:
                                   1753 ;	.\../STM8S103F3_Drivers/timer.h: 359: TIM2->CR1 &= ~(1U << 1);
      0005E1 72 13 53 00      [ 1] 1754 	bres	0x5300, #1
                                   1755 ;	.\../STM8S103F3_Drivers/timer.h: 360: }
      0005E5 81               [ 4] 1756 	ret
                                   1757 ;	.\../STM8S103F3_Drivers/timer.h: 362: static inline void tim2_auto_update_event_disable(void) {
                                   1758 ;	-----------------------------------------
                                   1759 ;	 function tim2_auto_update_event_disable
                                   1760 ;	-----------------------------------------
      0005E6                       1761 _tim2_auto_update_event_disable:
                                   1762 ;	.\../STM8S103F3_Drivers/timer.h: 363: TIM2->CR1 |= (1U << 1);
      0005E6 72 12 53 00      [ 1] 1763 	bset	0x5300, #1
                                   1764 ;	.\../STM8S103F3_Drivers/timer.h: 364: }
      0005EA 81               [ 4] 1765 	ret
                                   1766 ;	.\../STM8S103F3_Drivers/timer.h: 366: static inline void tim2_update_req_src_any_event_set(void) {
                                   1767 ;	-----------------------------------------
                                   1768 ;	 function tim2_update_req_src_any_event_set
                                   1769 ;	-----------------------------------------
      0005EB                       1770 _tim2_update_req_src_any_event_set:
                                   1771 ;	.\../STM8S103F3_Drivers/timer.h: 367: TIM2->CR1 &= ~(1U << 2);
      0005EB 72 15 53 00      [ 1] 1772 	bres	0x5300, #2
                                   1773 ;	.\../STM8S103F3_Drivers/timer.h: 368: }
      0005EF 81               [ 4] 1774 	ret
                                   1775 ;	.\../STM8S103F3_Drivers/timer.h: 370: static inline void tim2_update_req_src_overflow_underflow_only_set(void) {
                                   1776 ;	-----------------------------------------
                                   1777 ;	 function tim2_update_req_src_overflow_underflow_only_set
                                   1778 ;	-----------------------------------------
      0005F0                       1779 _tim2_update_req_src_overflow_underflow_only_set:
                                   1780 ;	.\../STM8S103F3_Drivers/timer.h: 371: TIM2->CR1 |= (1U << 2);
      0005F0 72 14 53 00      [ 1] 1781 	bset	0x5300, #2
                                   1782 ;	.\../STM8S103F3_Drivers/timer.h: 372: }
      0005F4 81               [ 4] 1783 	ret
                                   1784 ;	.\../STM8S103F3_Drivers/timer.h: 374: static inline void tim2_one_pulse_mode_enable(void) {
                                   1785 ;	-----------------------------------------
                                   1786 ;	 function tim2_one_pulse_mode_enable
                                   1787 ;	-----------------------------------------
      0005F5                       1788 _tim2_one_pulse_mode_enable:
                                   1789 ;	.\../STM8S103F3_Drivers/timer.h: 375: TIM2->CR1 |= (1U << 3);
      0005F5 72 16 53 00      [ 1] 1790 	bset	0x5300, #3
                                   1791 ;	.\../STM8S103F3_Drivers/timer.h: 376: }
      0005F9 81               [ 4] 1792 	ret
                                   1793 ;	.\../STM8S103F3_Drivers/timer.h: 378: static inline void tim2_one_pulse_mode_disable(void) {
                                   1794 ;	-----------------------------------------
                                   1795 ;	 function tim2_one_pulse_mode_disable
                                   1796 ;	-----------------------------------------
      0005FA                       1797 _tim2_one_pulse_mode_disable:
                                   1798 ;	.\../STM8S103F3_Drivers/timer.h: 379: TIM2->CR1 &= ~(1U << 3);
      0005FA 72 17 53 00      [ 1] 1799 	bres	0x5300, #3
                                   1800 ;	.\../STM8S103F3_Drivers/timer.h: 380: }
      0005FE 81               [ 4] 1801 	ret
                                   1802 ;	.\../STM8S103F3_Drivers/timer.h: 382: static inline void tim2_auto_reload_preload_enable(void) {
                                   1803 ;	-----------------------------------------
                                   1804 ;	 function tim2_auto_reload_preload_enable
                                   1805 ;	-----------------------------------------
      0005FF                       1806 _tim2_auto_reload_preload_enable:
                                   1807 ;	.\../STM8S103F3_Drivers/timer.h: 383: TIM2->CR1 |= (1U << 7);
      0005FF 72 1E 53 00      [ 1] 1808 	bset	0x5300, #7
                                   1809 ;	.\../STM8S103F3_Drivers/timer.h: 384: }
      000603 81               [ 4] 1810 	ret
                                   1811 ;	.\../STM8S103F3_Drivers/timer.h: 386: static inline void tim2_auto_reload_preload_disable(void) {
                                   1812 ;	-----------------------------------------
                                   1813 ;	 function tim2_auto_reload_preload_disable
                                   1814 ;	-----------------------------------------
      000604                       1815 _tim2_auto_reload_preload_disable:
                                   1816 ;	.\../STM8S103F3_Drivers/timer.h: 387: TIM2->CR1 &= ~(1U << 7);
      000604 72 1F 53 00      [ 1] 1817 	bres	0x5300, #7
                                   1818 ;	.\../STM8S103F3_Drivers/timer.h: 388: }
      000608 81               [ 4] 1819 	ret
                                   1820 ;	.\../STM8S103F3_Drivers/timer.h: 393: static inline void tim2_update_irq_enable(void) {
                                   1821 ;	-----------------------------------------
                                   1822 ;	 function tim2_update_irq_enable
                                   1823 ;	-----------------------------------------
      000609                       1824 _tim2_update_irq_enable:
                                   1825 ;	.\../STM8S103F3_Drivers/timer.h: 394: TIM2->IER |= (1U << 0);
      000609 72 10 53 03      [ 1] 1826 	bset	0x5303, #0
                                   1827 ;	.\../STM8S103F3_Drivers/timer.h: 395: }
      00060D 81               [ 4] 1828 	ret
                                   1829 ;	.\../STM8S103F3_Drivers/timer.h: 397: static inline void tim2_update_irq_disable(void) {
                                   1830 ;	-----------------------------------------
                                   1831 ;	 function tim2_update_irq_disable
                                   1832 ;	-----------------------------------------
      00060E                       1833 _tim2_update_irq_disable:
                                   1834 ;	.\../STM8S103F3_Drivers/timer.h: 398: TIM2->IER &= ~(1U << 0);
      00060E 72 11 53 03      [ 1] 1835 	bres	0x5303, #0
                                   1836 ;	.\../STM8S103F3_Drivers/timer.h: 399: }
      000612 81               [ 4] 1837 	ret
                                   1838 ;	.\../STM8S103F3_Drivers/timer.h: 401: static inline void tim2_capture_compare1_irq_enable(void) {
                                   1839 ;	-----------------------------------------
                                   1840 ;	 function tim2_capture_compare1_irq_enable
                                   1841 ;	-----------------------------------------
      000613                       1842 _tim2_capture_compare1_irq_enable:
                                   1843 ;	.\../STM8S103F3_Drivers/timer.h: 402: TIM2->IER |= (1U << 1);
      000613 72 12 53 03      [ 1] 1844 	bset	0x5303, #1
                                   1845 ;	.\../STM8S103F3_Drivers/timer.h: 403: }
      000617 81               [ 4] 1846 	ret
                                   1847 ;	.\../STM8S103F3_Drivers/timer.h: 405: static inline void tim2_capture_compare1_irq_disable(void) {
                                   1848 ;	-----------------------------------------
                                   1849 ;	 function tim2_capture_compare1_irq_disable
                                   1850 ;	-----------------------------------------
      000618                       1851 _tim2_capture_compare1_irq_disable:
                                   1852 ;	.\../STM8S103F3_Drivers/timer.h: 406: TIM2->IER &= ~(1U << 1);
      000618 72 13 53 03      [ 1] 1853 	bres	0x5303, #1
                                   1854 ;	.\../STM8S103F3_Drivers/timer.h: 407: }
      00061C 81               [ 4] 1855 	ret
                                   1856 ;	.\../STM8S103F3_Drivers/timer.h: 409: static inline void tim2_capture_compare2_irq_enable(void) {
                                   1857 ;	-----------------------------------------
                                   1858 ;	 function tim2_capture_compare2_irq_enable
                                   1859 ;	-----------------------------------------
      00061D                       1860 _tim2_capture_compare2_irq_enable:
                                   1861 ;	.\../STM8S103F3_Drivers/timer.h: 410: TIM2->IER |= (1U << 2);
      00061D 72 14 53 03      [ 1] 1862 	bset	0x5303, #2
                                   1863 ;	.\../STM8S103F3_Drivers/timer.h: 411: }
      000621 81               [ 4] 1864 	ret
                                   1865 ;	.\../STM8S103F3_Drivers/timer.h: 413: static inline void tim2_capture_compare2_irq_disable(void) {
                                   1866 ;	-----------------------------------------
                                   1867 ;	 function tim2_capture_compare2_irq_disable
                                   1868 ;	-----------------------------------------
      000622                       1869 _tim2_capture_compare2_irq_disable:
                                   1870 ;	.\../STM8S103F3_Drivers/timer.h: 414: TIM2->IER &= ~(1U << 2);
      000622 72 15 53 03      [ 1] 1871 	bres	0x5303, #2
                                   1872 ;	.\../STM8S103F3_Drivers/timer.h: 415: }
      000626 81               [ 4] 1873 	ret
                                   1874 ;	.\../STM8S103F3_Drivers/timer.h: 417: static inline void tim2_capture_compare3_irq_enable(void) {
                                   1875 ;	-----------------------------------------
                                   1876 ;	 function tim2_capture_compare3_irq_enable
                                   1877 ;	-----------------------------------------
      000627                       1878 _tim2_capture_compare3_irq_enable:
                                   1879 ;	.\../STM8S103F3_Drivers/timer.h: 418: TIM2->IER |= (1U << 3);
      000627 72 16 53 03      [ 1] 1880 	bset	0x5303, #3
                                   1881 ;	.\../STM8S103F3_Drivers/timer.h: 419: }
      00062B 81               [ 4] 1882 	ret
                                   1883 ;	.\../STM8S103F3_Drivers/timer.h: 421: static inline void tim2_capture_compare3_irq_disable(void) {
                                   1884 ;	-----------------------------------------
                                   1885 ;	 function tim2_capture_compare3_irq_disable
                                   1886 ;	-----------------------------------------
      00062C                       1887 _tim2_capture_compare3_irq_disable:
                                   1888 ;	.\../STM8S103F3_Drivers/timer.h: 422: TIM2->IER &= ~(1U << 3);
      00062C 72 17 53 03      [ 1] 1889 	bres	0x5303, #3
                                   1890 ;	.\../STM8S103F3_Drivers/timer.h: 423: }
      000630 81               [ 4] 1891 	ret
                                   1892 ;	.\../STM8S103F3_Drivers/timer.h: 428: static inline void tim2_update_irq_flag_clear(void) {
                                   1893 ;	-----------------------------------------
                                   1894 ;	 function tim2_update_irq_flag_clear
                                   1895 ;	-----------------------------------------
      000631                       1896 _tim2_update_irq_flag_clear:
                                   1897 ;	.\../STM8S103F3_Drivers/timer.h: 429: TIM2->SR1 &= ~(1U << 0);
      000631 72 11 53 04      [ 1] 1898 	bres	0x5304, #0
                                   1899 ;	.\../STM8S103F3_Drivers/timer.h: 430: }
      000635 81               [ 4] 1900 	ret
                                   1901 ;	.\../STM8S103F3_Drivers/timer.h: 432: static inline uint8_t tim2_update_irq_flag_read(void) {
                                   1902 ;	-----------------------------------------
                                   1903 ;	 function tim2_update_irq_flag_read
                                   1904 ;	-----------------------------------------
      000636                       1905 _tim2_update_irq_flag_read:
                                   1906 ;	.\../STM8S103F3_Drivers/timer.h: 433: return ((TIM2->SR1 >> 0) & 1);
      000636 C6 53 04         [ 1] 1907 	ld	a, 0x5304
      000639 A4 01            [ 1] 1908 	and	a, #0x01
                                   1909 ;	.\../STM8S103F3_Drivers/timer.h: 434: }
      00063B 81               [ 4] 1910 	ret
                                   1911 ;	.\../STM8S103F3_Drivers/timer.h: 436: static inline void tim2_capture_compare1_irq_flag_clear(void) {
                                   1912 ;	-----------------------------------------
                                   1913 ;	 function tim2_capture_compare1_irq_flag_clear
                                   1914 ;	-----------------------------------------
      00063C                       1915 _tim2_capture_compare1_irq_flag_clear:
                                   1916 ;	.\../STM8S103F3_Drivers/timer.h: 437: TIM2->SR1 &= ~(1U << 1);
      00063C 72 13 53 04      [ 1] 1917 	bres	0x5304, #1
                                   1918 ;	.\../STM8S103F3_Drivers/timer.h: 438: }
      000640 81               [ 4] 1919 	ret
                                   1920 ;	.\../STM8S103F3_Drivers/timer.h: 440: static inline uint8_t tim2_capture_compare1_irq_flag_read(void) {
                                   1921 ;	-----------------------------------------
                                   1922 ;	 function tim2_capture_compare1_irq_flag_read
                                   1923 ;	-----------------------------------------
      000641                       1924 _tim2_capture_compare1_irq_flag_read:
                                   1925 ;	.\../STM8S103F3_Drivers/timer.h: 441: return ((TIM2->SR1 >> 1) & 1);
      000641 C6 53 04         [ 1] 1926 	ld	a, 0x5304
      000644 44               [ 1] 1927 	srl	a
      000645 A4 01            [ 1] 1928 	and	a, #0x01
                                   1929 ;	.\../STM8S103F3_Drivers/timer.h: 442: }
      000647 81               [ 4] 1930 	ret
                                   1931 ;	.\../STM8S103F3_Drivers/timer.h: 444: static inline void tim2_capture_compare2_irq_flag_clear(void) {
                                   1932 ;	-----------------------------------------
                                   1933 ;	 function tim2_capture_compare2_irq_flag_clear
                                   1934 ;	-----------------------------------------
      000648                       1935 _tim2_capture_compare2_irq_flag_clear:
                                   1936 ;	.\../STM8S103F3_Drivers/timer.h: 445: TIM2->SR1 &= ~(1U << 2);
      000648 72 15 53 04      [ 1] 1937 	bres	0x5304, #2
                                   1938 ;	.\../STM8S103F3_Drivers/timer.h: 446: }
      00064C 81               [ 4] 1939 	ret
                                   1940 ;	.\../STM8S103F3_Drivers/timer.h: 448: static inline uint8_t tim2_capture_compare2_irq_flag_read(void) {
                                   1941 ;	-----------------------------------------
                                   1942 ;	 function tim2_capture_compare2_irq_flag_read
                                   1943 ;	-----------------------------------------
      00064D                       1944 _tim2_capture_compare2_irq_flag_read:
                                   1945 ;	.\../STM8S103F3_Drivers/timer.h: 449: return ((TIM2->SR1 >> 2) & 1);
      00064D C6 53 04         [ 1] 1946 	ld	a, 0x5304
      000650 44               [ 1] 1947 	srl	a
      000651 44               [ 1] 1948 	srl	a
      000652 A4 01            [ 1] 1949 	and	a, #0x01
                                   1950 ;	.\../STM8S103F3_Drivers/timer.h: 450: }
      000654 81               [ 4] 1951 	ret
                                   1952 ;	.\../STM8S103F3_Drivers/timer.h: 452: static inline void tim2_capture_compare3_irq_flag_clear(void) {
                                   1953 ;	-----------------------------------------
                                   1954 ;	 function tim2_capture_compare3_irq_flag_clear
                                   1955 ;	-----------------------------------------
      000655                       1956 _tim2_capture_compare3_irq_flag_clear:
                                   1957 ;	.\../STM8S103F3_Drivers/timer.h: 453: TIM2->SR1 &= ~(1U << 3);
      000655 72 17 53 04      [ 1] 1958 	bres	0x5304, #3
                                   1959 ;	.\../STM8S103F3_Drivers/timer.h: 454: }
      000659 81               [ 4] 1960 	ret
                                   1961 ;	.\../STM8S103F3_Drivers/timer.h: 456: static inline uint8_t tim2_capture_compare3_irq_flag_read(void) {
                                   1962 ;	-----------------------------------------
                                   1963 ;	 function tim2_capture_compare3_irq_flag_read
                                   1964 ;	-----------------------------------------
      00065A                       1965 _tim2_capture_compare3_irq_flag_read:
                                   1966 ;	.\../STM8S103F3_Drivers/timer.h: 457: return ((TIM2->SR1 >> 3) & 1);
      00065A C6 53 04         [ 1] 1967 	ld	a, 0x5304
      00065D 4E               [ 1] 1968 	swap	a
      00065E 48               [ 1] 1969 	sll	a
      00065F 4F               [ 1] 1970 	clr	a
      000660 49               [ 1] 1971 	rlc	a
                                   1972 ;	.\../STM8S103F3_Drivers/timer.h: 458: }
      000661 81               [ 4] 1973 	ret
                                   1974 ;	.\../STM8S103F3_Drivers/timer.h: 462: static inline void tim2_capture_compare1_overcapture_flag_clear(void) {
                                   1975 ;	-----------------------------------------
                                   1976 ;	 function tim2_capture_compare1_overcapture_flag_clear
                                   1977 ;	-----------------------------------------
      000662                       1978 _tim2_capture_compare1_overcapture_flag_clear:
                                   1979 ;	.\../STM8S103F3_Drivers/timer.h: 463: TIM2->SR2 &= ~(1U << 1);
      000662 72 13 53 05      [ 1] 1980 	bres	0x5305, #1
                                   1981 ;	.\../STM8S103F3_Drivers/timer.h: 464: }
      000666 81               [ 4] 1982 	ret
                                   1983 ;	.\../STM8S103F3_Drivers/timer.h: 466: static inline uint8_t tim2_capture_compare1_overcapture_flag_read(void) {
                                   1984 ;	-----------------------------------------
                                   1985 ;	 function tim2_capture_compare1_overcapture_flag_read
                                   1986 ;	-----------------------------------------
      000667                       1987 _tim2_capture_compare1_overcapture_flag_read:
                                   1988 ;	.\../STM8S103F3_Drivers/timer.h: 467: return ((TIM2->SR2 >> 1) & 1);
      000667 C6 53 05         [ 1] 1989 	ld	a, 0x5305
      00066A 44               [ 1] 1990 	srl	a
      00066B A4 01            [ 1] 1991 	and	a, #0x01
                                   1992 ;	.\../STM8S103F3_Drivers/timer.h: 468: }
      00066D 81               [ 4] 1993 	ret
                                   1994 ;	.\../STM8S103F3_Drivers/timer.h: 470: static inline void tim2_capture_compare2_overcapture_flag_clear(void) {
                                   1995 ;	-----------------------------------------
                                   1996 ;	 function tim2_capture_compare2_overcapture_flag_clear
                                   1997 ;	-----------------------------------------
      00066E                       1998 _tim2_capture_compare2_overcapture_flag_clear:
                                   1999 ;	.\../STM8S103F3_Drivers/timer.h: 471: TIM2->SR2 &= ~(1U << 2);
      00066E 72 15 53 05      [ 1] 2000 	bres	0x5305, #2
                                   2001 ;	.\../STM8S103F3_Drivers/timer.h: 472: }
      000672 81               [ 4] 2002 	ret
                                   2003 ;	.\../STM8S103F3_Drivers/timer.h: 474: static inline uint8_t tim2_capture_compare2_overcapture_flag_read(void) {
                                   2004 ;	-----------------------------------------
                                   2005 ;	 function tim2_capture_compare2_overcapture_flag_read
                                   2006 ;	-----------------------------------------
      000673                       2007 _tim2_capture_compare2_overcapture_flag_read:
                                   2008 ;	.\../STM8S103F3_Drivers/timer.h: 475: return ((TIM2->SR2 >> 2) & 1);
      000673 C6 53 05         [ 1] 2009 	ld	a, 0x5305
      000676 44               [ 1] 2010 	srl	a
      000677 44               [ 1] 2011 	srl	a
      000678 A4 01            [ 1] 2012 	and	a, #0x01
                                   2013 ;	.\../STM8S103F3_Drivers/timer.h: 476: }
      00067A 81               [ 4] 2014 	ret
                                   2015 ;	.\../STM8S103F3_Drivers/timer.h: 478: static inline void tim2_capture_compare3_overcapture_flag_clear(void) {
                                   2016 ;	-----------------------------------------
                                   2017 ;	 function tim2_capture_compare3_overcapture_flag_clear
                                   2018 ;	-----------------------------------------
      00067B                       2019 _tim2_capture_compare3_overcapture_flag_clear:
                                   2020 ;	.\../STM8S103F3_Drivers/timer.h: 479: TIM2->SR2 &= ~(1U << 3);
      00067B 72 17 53 05      [ 1] 2021 	bres	0x5305, #3
                                   2022 ;	.\../STM8S103F3_Drivers/timer.h: 480: }
      00067F 81               [ 4] 2023 	ret
                                   2024 ;	.\../STM8S103F3_Drivers/timer.h: 482: static inline uint8_t tim2_capture_compare3_overcapture_flag_read(void) {
                                   2025 ;	-----------------------------------------
                                   2026 ;	 function tim2_capture_compare3_overcapture_flag_read
                                   2027 ;	-----------------------------------------
      000680                       2028 _tim2_capture_compare3_overcapture_flag_read:
                                   2029 ;	.\../STM8S103F3_Drivers/timer.h: 483: return ((TIM2->SR2 >> 3) & 1);
      000680 C6 53 05         [ 1] 2030 	ld	a, 0x5305
      000683 4E               [ 1] 2031 	swap	a
      000684 48               [ 1] 2032 	sll	a
      000685 4F               [ 1] 2033 	clr	a
      000686 49               [ 1] 2034 	rlc	a
                                   2035 ;	.\../STM8S103F3_Drivers/timer.h: 484: }
      000687 81               [ 4] 2036 	ret
                                   2037 ;	.\../STM8S103F3_Drivers/timer.h: 489: static inline void tim2_update_event_generate(void) {
                                   2038 ;	-----------------------------------------
                                   2039 ;	 function tim2_update_event_generate
                                   2040 ;	-----------------------------------------
      000688                       2041 _tim2_update_event_generate:
                                   2042 ;	.\../STM8S103F3_Drivers/timer.h: 490: TIM2->EGR |= (1U << 0);
      000688 72 10 53 06      [ 1] 2043 	bset	0x5306, #0
                                   2044 ;	.\../STM8S103F3_Drivers/timer.h: 491: }
      00068C 81               [ 4] 2045 	ret
                                   2046 ;	.\../STM8S103F3_Drivers/timer.h: 493: static inline void tim2_capture_compare1_event_generate(void) {
                                   2047 ;	-----------------------------------------
                                   2048 ;	 function tim2_capture_compare1_event_generate
                                   2049 ;	-----------------------------------------
      00068D                       2050 _tim2_capture_compare1_event_generate:
                                   2051 ;	.\../STM8S103F3_Drivers/timer.h: 494: TIM2->EGR |= (1U << 1);
      00068D 72 12 53 06      [ 1] 2052 	bset	0x5306, #1
                                   2053 ;	.\../STM8S103F3_Drivers/timer.h: 495: }
      000691 81               [ 4] 2054 	ret
                                   2055 ;	.\../STM8S103F3_Drivers/timer.h: 497: static inline void tim2_capture_compare2_event_generate(void) {
                                   2056 ;	-----------------------------------------
                                   2057 ;	 function tim2_capture_compare2_event_generate
                                   2058 ;	-----------------------------------------
      000692                       2059 _tim2_capture_compare2_event_generate:
                                   2060 ;	.\../STM8S103F3_Drivers/timer.h: 498: TIM2->EGR |= (1U << 2);
      000692 72 14 53 06      [ 1] 2061 	bset	0x5306, #2
                                   2062 ;	.\../STM8S103F3_Drivers/timer.h: 499: }
      000696 81               [ 4] 2063 	ret
                                   2064 ;	.\../STM8S103F3_Drivers/timer.h: 501: static inline void tim2_capture_compare3_event_generate(void) {
                                   2065 ;	-----------------------------------------
                                   2066 ;	 function tim2_capture_compare3_event_generate
                                   2067 ;	-----------------------------------------
      000697                       2068 _tim2_capture_compare3_event_generate:
                                   2069 ;	.\../STM8S103F3_Drivers/timer.h: 502: TIM2->EGR |= (1U << 3);
      000697 72 16 53 06      [ 1] 2070 	bset	0x5306, #3
                                   2071 ;	.\../STM8S103F3_Drivers/timer.h: 503: }
      00069B 81               [ 4] 2072 	ret
                                   2073 ;	.\../STM8S103F3_Drivers/timer.h: 509: static inline void tim2_capture_compare1_channel_mode_set(TIM2_CC1_CHANNEL_MODE mode) {
                                   2074 ;	-----------------------------------------
                                   2075 ;	 function tim2_capture_compare1_channel_mode_set
                                   2076 ;	-----------------------------------------
      00069C                       2077 _tim2_capture_compare1_channel_mode_set:
      00069C 88               [ 1] 2078 	push	a
      00069D 6B 01            [ 1] 2079 	ld	(0x01, sp), a
                                   2080 ;	.\../STM8S103F3_Drivers/timer.h: 510: TIM2->CCMR1 = (TIM2->CCMR1 & TIM2_CC1_CHANNEL_MODE_CLR_MASK) | mode;
      00069F C6 53 07         [ 1] 2081 	ld	a, 0x5307
      0006A2 A4 FC            [ 1] 2082 	and	a, #0xfc
      0006A4 1A 01            [ 1] 2083 	or	a, (0x01, sp)
      0006A6 C7 53 07         [ 1] 2084 	ld	0x5307, a
                                   2085 ;	.\../STM8S103F3_Drivers/timer.h: 511: }
      0006A9 84               [ 1] 2086 	pop	a
      0006AA 81               [ 4] 2087 	ret
                                   2088 ;	.\../STM8S103F3_Drivers/timer.h: 513: static inline TIM2_CC1_CHANNEL_MODE tim2_capture_compare1_channel_mode_read(void) {
                                   2089 ;	-----------------------------------------
                                   2090 ;	 function tim2_capture_compare1_channel_mode_read
                                   2091 ;	-----------------------------------------
      0006AB                       2092 _tim2_capture_compare1_channel_mode_read:
                                   2093 ;	.\../STM8S103F3_Drivers/timer.h: 514: return (TIM2_CC1_CHANNEL_MODE)(TIM2->CCMR1 & ~TIM2_CC1_CHANNEL_MODE_CLR_MASK);
      0006AB C6 53 07         [ 1] 2094 	ld	a, 0x5307
      0006AE A4 03            [ 1] 2095 	and	a, #0x03
                                   2096 ;	.\../STM8S103F3_Drivers/timer.h: 515: }
      0006B0 81               [ 4] 2097 	ret
                                   2098 ;	.\../STM8S103F3_Drivers/timer.h: 518: static inline void tim2_capture_compare1_preload_enable(void) {
                                   2099 ;	-----------------------------------------
                                   2100 ;	 function tim2_capture_compare1_preload_enable
                                   2101 ;	-----------------------------------------
      0006B1                       2102 _tim2_capture_compare1_preload_enable:
                                   2103 ;	.\../STM8S103F3_Drivers/timer.h: 519: TIM2->CCMR1 |= (1U << 3);
      0006B1 72 16 53 07      [ 1] 2104 	bset	0x5307, #3
                                   2105 ;	.\../STM8S103F3_Drivers/timer.h: 520: }
      0006B5 81               [ 4] 2106 	ret
                                   2107 ;	.\../STM8S103F3_Drivers/timer.h: 522: static inline void tim2_capture_compare1_preload_disable(void) {
                                   2108 ;	-----------------------------------------
                                   2109 ;	 function tim2_capture_compare1_preload_disable
                                   2110 ;	-----------------------------------------
      0006B6                       2111 _tim2_capture_compare1_preload_disable:
                                   2112 ;	.\../STM8S103F3_Drivers/timer.h: 523: TIM2->CCMR1 &= ~(1U << 3);
      0006B6 72 17 53 07      [ 1] 2113 	bres	0x5307, #3
                                   2114 ;	.\../STM8S103F3_Drivers/timer.h: 524: }
      0006BA 81               [ 4] 2115 	ret
                                   2116 ;	.\../STM8S103F3_Drivers/timer.h: 526: static inline void tim2_output_compare1_mode_set(TIM2_OUTPUT_COMPARE_MODE mode) {
                                   2117 ;	-----------------------------------------
                                   2118 ;	 function tim2_output_compare1_mode_set
                                   2119 ;	-----------------------------------------
      0006BB                       2120 _tim2_output_compare1_mode_set:
      0006BB 88               [ 1] 2121 	push	a
      0006BC 97               [ 1] 2122 	ld	xl, a
                                   2123 ;	.\../STM8S103F3_Drivers/timer.h: 527: TIM2->CCMR1 = (TIM2->CCMR1 & 0x8F) | ((uint8_t)mode << 4);
      0006BD C6 53 07         [ 1] 2124 	ld	a, 0x5307
      0006C0 A4 8F            [ 1] 2125 	and	a, #0x8f
      0006C2 6B 01            [ 1] 2126 	ld	(0x01, sp), a
      0006C4 9F               [ 1] 2127 	ld	a, xl
      0006C5 4E               [ 1] 2128 	swap	a
      0006C6 A4 F0            [ 1] 2129 	and	a, #0xf0
      0006C8 1A 01            [ 1] 2130 	or	a, (0x01, sp)
      0006CA C7 53 07         [ 1] 2131 	ld	0x5307, a
                                   2132 ;	.\../STM8S103F3_Drivers/timer.h: 528: }
      0006CD 84               [ 1] 2133 	pop	a
      0006CE 81               [ 4] 2134 	ret
                                   2135 ;	.\../STM8S103F3_Drivers/timer.h: 530: static inline TIM2_OUTPUT_COMPARE_MODE tim2_output_compare1_mode_read(void) {
                                   2136 ;	-----------------------------------------
                                   2137 ;	 function tim2_output_compare1_mode_read
                                   2138 ;	-----------------------------------------
      0006CF                       2139 _tim2_output_compare1_mode_read:
                                   2140 ;	.\../STM8S103F3_Drivers/timer.h: 531: return (TIM2_OUTPUT_COMPARE_MODE)((TIM2->CCMR1 >> 4) & 0x07);
      0006CF C6 53 07         [ 1] 2141 	ld	a, 0x5307
      0006D2 4E               [ 1] 2142 	swap	a
      0006D3 A4 07            [ 1] 2143 	and	a, #7
                                   2144 ;	.\../STM8S103F3_Drivers/timer.h: 532: }
      0006D5 81               [ 4] 2145 	ret
                                   2146 ;	.\../STM8S103F3_Drivers/timer.h: 536: static inline void tim2_input_capture1_prescaler_set(TIM2_INPUT_CAPTURE_PRESCALER psc) {
                                   2147 ;	-----------------------------------------
                                   2148 ;	 function tim2_input_capture1_prescaler_set
                                   2149 ;	-----------------------------------------
      0006D6                       2150 _tim2_input_capture1_prescaler_set:
      0006D6 97               [ 1] 2151 	ld	xl, a
                                   2152 ;	.\../STM8S103F3_Drivers/timer.h: 537: TIM2->CCMR1 = (TIM2->CCMR1 & 0xF3) | ((uint8_t)psc << 2);
      0006D7 C6 53 07         [ 1] 2153 	ld	a, 0x5307
      0006DA A4 F3            [ 1] 2154 	and	a, #0xf3
      0006DC 58               [ 2] 2155 	sllw	x
      0006DD 58               [ 2] 2156 	sllw	x
      0006DE 89               [ 2] 2157 	pushw	x
      0006DF 1A 02            [ 1] 2158 	or	a, (2, sp)
      0006E1 85               [ 2] 2159 	popw	x
      0006E2 C7 53 07         [ 1] 2160 	ld	0x5307, a
                                   2161 ;	.\../STM8S103F3_Drivers/timer.h: 538: }
      0006E5 81               [ 4] 2162 	ret
                                   2163 ;	.\../STM8S103F3_Drivers/timer.h: 540: static inline TIM2_INPUT_CAPTURE_PRESCALER tim2_input_capture1_prescaler_read(void) {
                                   2164 ;	-----------------------------------------
                                   2165 ;	 function tim2_input_capture1_prescaler_read
                                   2166 ;	-----------------------------------------
      0006E6                       2167 _tim2_input_capture1_prescaler_read:
                                   2168 ;	.\../STM8S103F3_Drivers/timer.h: 541: return (TIM2_INPUT_CAPTURE_PRESCALER)((TIM2->CCMR1 >> 2) & 0x03);
      0006E6 C6 53 07         [ 1] 2169 	ld	a, 0x5307
      0006E9 44               [ 1] 2170 	srl	a
      0006EA 44               [ 1] 2171 	srl	a
      0006EB A4 03            [ 1] 2172 	and	a, #0x03
                                   2173 ;	.\../STM8S103F3_Drivers/timer.h: 542: }
      0006ED 81               [ 4] 2174 	ret
                                   2175 ;	.\../STM8S103F3_Drivers/timer.h: 544: static inline void tim2_input_capture1_filter_set(TIM2_INPUT_CAPTURE_FILTER filter) {
                                   2176 ;	-----------------------------------------
                                   2177 ;	 function tim2_input_capture1_filter_set
                                   2178 ;	-----------------------------------------
      0006EE                       2179 _tim2_input_capture1_filter_set:
      0006EE 88               [ 1] 2180 	push	a
      0006EF 97               [ 1] 2181 	ld	xl, a
                                   2182 ;	.\../STM8S103F3_Drivers/timer.h: 545: TIM2->CCMR1 = (TIM2->CCMR1 & 0x0F) | ((uint8_t)filter << 4);
      0006F0 C6 53 07         [ 1] 2183 	ld	a, 0x5307
      0006F3 A4 0F            [ 1] 2184 	and	a, #0x0f
      0006F5 6B 01            [ 1] 2185 	ld	(0x01, sp), a
      0006F7 9F               [ 1] 2186 	ld	a, xl
      0006F8 4E               [ 1] 2187 	swap	a
      0006F9 A4 F0            [ 1] 2188 	and	a, #0xf0
      0006FB 1A 01            [ 1] 2189 	or	a, (0x01, sp)
      0006FD C7 53 07         [ 1] 2190 	ld	0x5307, a
                                   2191 ;	.\../STM8S103F3_Drivers/timer.h: 546: }
      000700 84               [ 1] 2192 	pop	a
      000701 81               [ 4] 2193 	ret
                                   2194 ;	.\../STM8S103F3_Drivers/timer.h: 548: static inline TIM2_INPUT_CAPTURE_FILTER tim2_input_capture1_filter_read(void) {
                                   2195 ;	-----------------------------------------
                                   2196 ;	 function tim2_input_capture1_filter_read
                                   2197 ;	-----------------------------------------
      000702                       2198 _tim2_input_capture1_filter_read:
                                   2199 ;	.\../STM8S103F3_Drivers/timer.h: 549: return (TIM2_INPUT_CAPTURE_FILTER)(TIM2->CCMR1 >> 4) & 0x0F;
      000702 C6 53 07         [ 1] 2200 	ld	a, 0x5307
      000705 4E               [ 1] 2201 	swap	a
      000706 A4 0F            [ 1] 2202 	and	a, #15
                                   2203 ;	.\../STM8S103F3_Drivers/timer.h: 550: }
      000708 81               [ 4] 2204 	ret
                                   2205 ;	.\../STM8S103F3_Drivers/timer.h: 556: static inline void tim2_capture_compare2_channel_mode_set(TIM2_CC2_CHANNEL_MODE mode) {
                                   2206 ;	-----------------------------------------
                                   2207 ;	 function tim2_capture_compare2_channel_mode_set
                                   2208 ;	-----------------------------------------
      000709                       2209 _tim2_capture_compare2_channel_mode_set:
      000709 88               [ 1] 2210 	push	a
      00070A 6B 01            [ 1] 2211 	ld	(0x01, sp), a
                                   2212 ;	.\../STM8S103F3_Drivers/timer.h: 557: TIM2->CCMR2 = (TIM2->CCMR2 & 0xFC) | mode;
      00070C C6 53 08         [ 1] 2213 	ld	a, 0x5308
      00070F A4 FC            [ 1] 2214 	and	a, #0xfc
      000711 1A 01            [ 1] 2215 	or	a, (0x01, sp)
      000713 C7 53 08         [ 1] 2216 	ld	0x5308, a
                                   2217 ;	.\../STM8S103F3_Drivers/timer.h: 558: }
      000716 84               [ 1] 2218 	pop	a
      000717 81               [ 4] 2219 	ret
                                   2220 ;	.\../STM8S103F3_Drivers/timer.h: 560: static inline TIM2_CC2_CHANNEL_MODE tim2_capture_compare2_channel_mode_read(void) {
                                   2221 ;	-----------------------------------------
                                   2222 ;	 function tim2_capture_compare2_channel_mode_read
                                   2223 ;	-----------------------------------------
      000718                       2224 _tim2_capture_compare2_channel_mode_read:
                                   2225 ;	.\../STM8S103F3_Drivers/timer.h: 561: return (TIM2_CC2_CHANNEL_MODE)(TIM2->CCMR2 & 0x03);
      000718 C6 53 08         [ 1] 2226 	ld	a, 0x5308
      00071B A4 03            [ 1] 2227 	and	a, #0x03
                                   2228 ;	.\../STM8S103F3_Drivers/timer.h: 562: }
      00071D 81               [ 4] 2229 	ret
                                   2230 ;	.\../STM8S103F3_Drivers/timer.h: 565: static inline void tim2_capture_compare2_preload_enable(void) {
                                   2231 ;	-----------------------------------------
                                   2232 ;	 function tim2_capture_compare2_preload_enable
                                   2233 ;	-----------------------------------------
      00071E                       2234 _tim2_capture_compare2_preload_enable:
                                   2235 ;	.\../STM8S103F3_Drivers/timer.h: 566: TIM2->CCMR2 |= (1U << 3);
      00071E 72 16 53 08      [ 1] 2236 	bset	0x5308, #3
                                   2237 ;	.\../STM8S103F3_Drivers/timer.h: 567: }
      000722 81               [ 4] 2238 	ret
                                   2239 ;	.\../STM8S103F3_Drivers/timer.h: 569: static inline void tim2_capture_compare2_preload_disable(void) {
                                   2240 ;	-----------------------------------------
                                   2241 ;	 function tim2_capture_compare2_preload_disable
                                   2242 ;	-----------------------------------------
      000723                       2243 _tim2_capture_compare2_preload_disable:
                                   2244 ;	.\../STM8S103F3_Drivers/timer.h: 570: TIM2->CCMR2 &= ~(1U << 3);
      000723 72 17 53 08      [ 1] 2245 	bres	0x5308, #3
                                   2246 ;	.\../STM8S103F3_Drivers/timer.h: 571: }
      000727 81               [ 4] 2247 	ret
                                   2248 ;	.\../STM8S103F3_Drivers/timer.h: 573: static inline void tim2_output_compare2_mode_set(TIM2_OUTPUT_COMPARE_MODE mode) {
                                   2249 ;	-----------------------------------------
                                   2250 ;	 function tim2_output_compare2_mode_set
                                   2251 ;	-----------------------------------------
      000728                       2252 _tim2_output_compare2_mode_set:
      000728 88               [ 1] 2253 	push	a
      000729 97               [ 1] 2254 	ld	xl, a
                                   2255 ;	.\../STM8S103F3_Drivers/timer.h: 574: TIM2->CCMR2 = (TIM2->CCMR2 & 0x8F) | ((uint8_t)mode << 4);
      00072A C6 53 08         [ 1] 2256 	ld	a, 0x5308
      00072D A4 8F            [ 1] 2257 	and	a, #0x8f
      00072F 6B 01            [ 1] 2258 	ld	(0x01, sp), a
      000731 9F               [ 1] 2259 	ld	a, xl
      000732 4E               [ 1] 2260 	swap	a
      000733 A4 F0            [ 1] 2261 	and	a, #0xf0
      000735 1A 01            [ 1] 2262 	or	a, (0x01, sp)
      000737 C7 53 08         [ 1] 2263 	ld	0x5308, a
                                   2264 ;	.\../STM8S103F3_Drivers/timer.h: 575: }
      00073A 84               [ 1] 2265 	pop	a
      00073B 81               [ 4] 2266 	ret
                                   2267 ;	.\../STM8S103F3_Drivers/timer.h: 577: static inline TIM2_OUTPUT_COMPARE_MODE tim2_output_compare2_mode_read(void) {
                                   2268 ;	-----------------------------------------
                                   2269 ;	 function tim2_output_compare2_mode_read
                                   2270 ;	-----------------------------------------
      00073C                       2271 _tim2_output_compare2_mode_read:
                                   2272 ;	.\../STM8S103F3_Drivers/timer.h: 578: return (TIM2_OUTPUT_COMPARE_MODE)((TIM2->CCMR2 >> 4) & 0x07);
      00073C C6 53 08         [ 1] 2273 	ld	a, 0x5308
      00073F 4E               [ 1] 2274 	swap	a
      000740 A4 07            [ 1] 2275 	and	a, #7
                                   2276 ;	.\../STM8S103F3_Drivers/timer.h: 579: }
      000742 81               [ 4] 2277 	ret
                                   2278 ;	.\../STM8S103F3_Drivers/timer.h: 582: static inline void tim2_input_capture2_prescaler_set(TIM2_INPUT_CAPTURE_PRESCALER psc) {
                                   2279 ;	-----------------------------------------
                                   2280 ;	 function tim2_input_capture2_prescaler_set
                                   2281 ;	-----------------------------------------
      000743                       2282 _tim2_input_capture2_prescaler_set:
      000743 97               [ 1] 2283 	ld	xl, a
                                   2284 ;	.\../STM8S103F3_Drivers/timer.h: 583: TIM2->CCMR2 = (TIM2->CCMR2 & 0xF3) | ((uint8_t)psc << 2);
      000744 C6 53 08         [ 1] 2285 	ld	a, 0x5308
      000747 A4 F3            [ 1] 2286 	and	a, #0xf3
      000749 58               [ 2] 2287 	sllw	x
      00074A 58               [ 2] 2288 	sllw	x
      00074B 89               [ 2] 2289 	pushw	x
      00074C 1A 02            [ 1] 2290 	or	a, (2, sp)
      00074E 85               [ 2] 2291 	popw	x
      00074F C7 53 08         [ 1] 2292 	ld	0x5308, a
                                   2293 ;	.\../STM8S103F3_Drivers/timer.h: 584: }
      000752 81               [ 4] 2294 	ret
                                   2295 ;	.\../STM8S103F3_Drivers/timer.h: 586: static inline TIM2_INPUT_CAPTURE_PRESCALER tim2_input_capture2_prescaler_read(void) {
                                   2296 ;	-----------------------------------------
                                   2297 ;	 function tim2_input_capture2_prescaler_read
                                   2298 ;	-----------------------------------------
      000753                       2299 _tim2_input_capture2_prescaler_read:
                                   2300 ;	.\../STM8S103F3_Drivers/timer.h: 587: return (TIM2_INPUT_CAPTURE_PRESCALER)((TIM2->CCMR2 >> 2) & 0x03);
      000753 C6 53 08         [ 1] 2301 	ld	a, 0x5308
      000756 44               [ 1] 2302 	srl	a
      000757 44               [ 1] 2303 	srl	a
      000758 A4 03            [ 1] 2304 	and	a, #0x03
                                   2305 ;	.\../STM8S103F3_Drivers/timer.h: 588: }
      00075A 81               [ 4] 2306 	ret
                                   2307 ;	.\../STM8S103F3_Drivers/timer.h: 590: static inline void tim2_input_capture2_filter_set(TIM2_INPUT_CAPTURE_FILTER filter) {
                                   2308 ;	-----------------------------------------
                                   2309 ;	 function tim2_input_capture2_filter_set
                                   2310 ;	-----------------------------------------
      00075B                       2311 _tim2_input_capture2_filter_set:
      00075B 88               [ 1] 2312 	push	a
      00075C 97               [ 1] 2313 	ld	xl, a
                                   2314 ;	.\../STM8S103F3_Drivers/timer.h: 591: TIM2->CCMR2 = (TIM2->CCMR2 & 0x0F) | ((uint8_t)filter << 4);
      00075D C6 53 08         [ 1] 2315 	ld	a, 0x5308
      000760 A4 0F            [ 1] 2316 	and	a, #0x0f
      000762 6B 01            [ 1] 2317 	ld	(0x01, sp), a
      000764 9F               [ 1] 2318 	ld	a, xl
      000765 4E               [ 1] 2319 	swap	a
      000766 A4 F0            [ 1] 2320 	and	a, #0xf0
      000768 1A 01            [ 1] 2321 	or	a, (0x01, sp)
      00076A C7 53 08         [ 1] 2322 	ld	0x5308, a
                                   2323 ;	.\../STM8S103F3_Drivers/timer.h: 592: }
      00076D 84               [ 1] 2324 	pop	a
      00076E 81               [ 4] 2325 	ret
                                   2326 ;	.\../STM8S103F3_Drivers/timer.h: 594: static inline TIM2_INPUT_CAPTURE_FILTER tim2_input_capture2_filter_read(void) {
                                   2327 ;	-----------------------------------------
                                   2328 ;	 function tim2_input_capture2_filter_read
                                   2329 ;	-----------------------------------------
      00076F                       2330 _tim2_input_capture2_filter_read:
                                   2331 ;	.\../STM8S103F3_Drivers/timer.h: 595: return (TIM2_INPUT_CAPTURE_FILTER)((TIM2->CCMR2 >> 4) & 0x0F);
      00076F C6 53 08         [ 1] 2332 	ld	a, 0x5308
      000772 4E               [ 1] 2333 	swap	a
      000773 A4 0F            [ 1] 2334 	and	a, #15
                                   2335 ;	.\../STM8S103F3_Drivers/timer.h: 596: }
      000775 81               [ 4] 2336 	ret
                                   2337 ;	.\../STM8S103F3_Drivers/timer.h: 602: static inline void tim2_capture_compare3_channel_mode_set(TIM2_CC3_CHANNEL_MODE mode) {
                                   2338 ;	-----------------------------------------
                                   2339 ;	 function tim2_capture_compare3_channel_mode_set
                                   2340 ;	-----------------------------------------
      000776                       2341 _tim2_capture_compare3_channel_mode_set:
      000776 97               [ 1] 2342 	ld	xl, a
                                   2343 ;	.\../STM8S103F3_Drivers/timer.h: 603: TIM2->CCMR3 = (TIM2->CCMR3 & 0xFC) | mode;
      000777 C6 53 09         [ 1] 2344 	ld	a, 0x5309
      00077A A4 FC            [ 1] 2345 	and	a, #0xfc
      00077C 89               [ 2] 2346 	pushw	x
      00077D 1A 02            [ 1] 2347 	or	a, (2, sp)
      00077F 85               [ 2] 2348 	popw	x
      000780 C7 53 09         [ 1] 2349 	ld	0x5309, a
                                   2350 ;	.\../STM8S103F3_Drivers/timer.h: 604: }
      000783 81               [ 4] 2351 	ret
                                   2352 ;	.\../STM8S103F3_Drivers/timer.h: 606: static inline TIM2_CC3_CHANNEL_MODE tim2_capture_compare3_channel_mode_read(void) {
                                   2353 ;	-----------------------------------------
                                   2354 ;	 function tim2_capture_compare3_channel_mode_read
                                   2355 ;	-----------------------------------------
      000784                       2356 _tim2_capture_compare3_channel_mode_read:
                                   2357 ;	.\../STM8S103F3_Drivers/timer.h: 607: return (TIM2_CC3_CHANNEL_MODE)(TIM2->CCMR3 & 0x03);
      000784 C6 53 09         [ 1] 2358 	ld	a, 0x5309
      000787 A4 03            [ 1] 2359 	and	a, #0x03
      000789 40               [ 1] 2360 	neg	a
      00078A 4F               [ 1] 2361 	clr	a
      00078B 49               [ 1] 2362 	rlc	a
                                   2363 ;	.\../STM8S103F3_Drivers/timer.h: 608: }
      00078C 81               [ 4] 2364 	ret
                                   2365 ;	.\../STM8S103F3_Drivers/timer.h: 611: static inline void tim2_capture_compare3_preload_enable(void) {
                                   2366 ;	-----------------------------------------
                                   2367 ;	 function tim2_capture_compare3_preload_enable
                                   2368 ;	-----------------------------------------
      00078D                       2369 _tim2_capture_compare3_preload_enable:
                                   2370 ;	.\../STM8S103F3_Drivers/timer.h: 612: TIM2->CCMR3 |= (1U << 3);
      00078D 72 16 53 09      [ 1] 2371 	bset	0x5309, #3
                                   2372 ;	.\../STM8S103F3_Drivers/timer.h: 613: }
      000791 81               [ 4] 2373 	ret
                                   2374 ;	.\../STM8S103F3_Drivers/timer.h: 615: static inline void tim2_capture_compare3_preload_disable(void) {
                                   2375 ;	-----------------------------------------
                                   2376 ;	 function tim2_capture_compare3_preload_disable
                                   2377 ;	-----------------------------------------
      000792                       2378 _tim2_capture_compare3_preload_disable:
                                   2379 ;	.\../STM8S103F3_Drivers/timer.h: 616: TIM2->CCMR3 &= ~(1U << 3);
      000792 72 17 53 09      [ 1] 2380 	bres	0x5309, #3
                                   2381 ;	.\../STM8S103F3_Drivers/timer.h: 617: }
      000796 81               [ 4] 2382 	ret
                                   2383 ;	.\../STM8S103F3_Drivers/timer.h: 619: static inline void tim2_output_compare3_mode_set(TIM2_OUTPUT_COMPARE_MODE mode) {
                                   2384 ;	-----------------------------------------
                                   2385 ;	 function tim2_output_compare3_mode_set
                                   2386 ;	-----------------------------------------
      000797                       2387 _tim2_output_compare3_mode_set:
      000797 88               [ 1] 2388 	push	a
      000798 97               [ 1] 2389 	ld	xl, a
                                   2390 ;	.\../STM8S103F3_Drivers/timer.h: 620: TIM2->CCMR3 = (TIM2->CCMR3 & 0x8F) | ((uint8_t)mode << 4);
      000799 C6 53 09         [ 1] 2391 	ld	a, 0x5309
      00079C A4 8F            [ 1] 2392 	and	a, #0x8f
      00079E 6B 01            [ 1] 2393 	ld	(0x01, sp), a
      0007A0 9F               [ 1] 2394 	ld	a, xl
      0007A1 4E               [ 1] 2395 	swap	a
      0007A2 A4 F0            [ 1] 2396 	and	a, #0xf0
      0007A4 1A 01            [ 1] 2397 	or	a, (0x01, sp)
      0007A6 C7 53 09         [ 1] 2398 	ld	0x5309, a
                                   2399 ;	.\../STM8S103F3_Drivers/timer.h: 621: }
      0007A9 84               [ 1] 2400 	pop	a
      0007AA 81               [ 4] 2401 	ret
                                   2402 ;	.\../STM8S103F3_Drivers/timer.h: 623: static inline TIM2_OUTPUT_COMPARE_MODE tim2_output_compare3_mode_read(void) {
                                   2403 ;	-----------------------------------------
                                   2404 ;	 function tim2_output_compare3_mode_read
                                   2405 ;	-----------------------------------------
      0007AB                       2406 _tim2_output_compare3_mode_read:
                                   2407 ;	.\../STM8S103F3_Drivers/timer.h: 624: return (TIM2_OUTPUT_COMPARE_MODE)((TIM2->CCMR3 >> 4) & 0x07);
      0007AB C6 53 09         [ 1] 2408 	ld	a, 0x5309
      0007AE 4E               [ 1] 2409 	swap	a
      0007AF A4 07            [ 1] 2410 	and	a, #7
                                   2411 ;	.\../STM8S103F3_Drivers/timer.h: 625: }
      0007B1 81               [ 4] 2412 	ret
                                   2413 ;	.\../STM8S103F3_Drivers/timer.h: 628: static inline void tim2_input_capture3_prescaler_set(TIM2_INPUT_CAPTURE_PRESCALER psc) {
                                   2414 ;	-----------------------------------------
                                   2415 ;	 function tim2_input_capture3_prescaler_set
                                   2416 ;	-----------------------------------------
      0007B2                       2417 _tim2_input_capture3_prescaler_set:
      0007B2 97               [ 1] 2418 	ld	xl, a
                                   2419 ;	.\../STM8S103F3_Drivers/timer.h: 629: TIM2->CCMR3 = (TIM2->CCMR3 & 0xF3) | ((uint8_t)psc << 2);
      0007B3 C6 53 09         [ 1] 2420 	ld	a, 0x5309
      0007B6 A4 F3            [ 1] 2421 	and	a, #0xf3
      0007B8 58               [ 2] 2422 	sllw	x
      0007B9 58               [ 2] 2423 	sllw	x
      0007BA 89               [ 2] 2424 	pushw	x
      0007BB 1A 02            [ 1] 2425 	or	a, (2, sp)
      0007BD 85               [ 2] 2426 	popw	x
      0007BE C7 53 09         [ 1] 2427 	ld	0x5309, a
                                   2428 ;	.\../STM8S103F3_Drivers/timer.h: 630: }
      0007C1 81               [ 4] 2429 	ret
                                   2430 ;	.\../STM8S103F3_Drivers/timer.h: 632: static inline TIM2_INPUT_CAPTURE_PRESCALER tim2_input_capture3_prescaler_read(void) {
                                   2431 ;	-----------------------------------------
                                   2432 ;	 function tim2_input_capture3_prescaler_read
                                   2433 ;	-----------------------------------------
      0007C2                       2434 _tim2_input_capture3_prescaler_read:
                                   2435 ;	.\../STM8S103F3_Drivers/timer.h: 633: return (TIM2_INPUT_CAPTURE_PRESCALER)((TIM2->CCMR3 >> 2) & 0x03);
      0007C2 C6 53 09         [ 1] 2436 	ld	a, 0x5309
      0007C5 44               [ 1] 2437 	srl	a
      0007C6 44               [ 1] 2438 	srl	a
      0007C7 A4 03            [ 1] 2439 	and	a, #0x03
                                   2440 ;	.\../STM8S103F3_Drivers/timer.h: 634: }
      0007C9 81               [ 4] 2441 	ret
                                   2442 ;	.\../STM8S103F3_Drivers/timer.h: 636: static inline void tim2_input_capture3_filter_set(TIM2_INPUT_CAPTURE_FILTER filter) {
                                   2443 ;	-----------------------------------------
                                   2444 ;	 function tim2_input_capture3_filter_set
                                   2445 ;	-----------------------------------------
      0007CA                       2446 _tim2_input_capture3_filter_set:
      0007CA 88               [ 1] 2447 	push	a
      0007CB 97               [ 1] 2448 	ld	xl, a
                                   2449 ;	.\../STM8S103F3_Drivers/timer.h: 637: TIM2->CCMR3 = (TIM2->CCMR3 & 0x0F) | ((uint8_t)filter << 4);
      0007CC C6 53 09         [ 1] 2450 	ld	a, 0x5309
      0007CF A4 0F            [ 1] 2451 	and	a, #0x0f
      0007D1 6B 01            [ 1] 2452 	ld	(0x01, sp), a
      0007D3 9F               [ 1] 2453 	ld	a, xl
      0007D4 4E               [ 1] 2454 	swap	a
      0007D5 A4 F0            [ 1] 2455 	and	a, #0xf0
      0007D7 1A 01            [ 1] 2456 	or	a, (0x01, sp)
      0007D9 C7 53 09         [ 1] 2457 	ld	0x5309, a
                                   2458 ;	.\../STM8S103F3_Drivers/timer.h: 638: }
      0007DC 84               [ 1] 2459 	pop	a
      0007DD 81               [ 4] 2460 	ret
                                   2461 ;	.\../STM8S103F3_Drivers/timer.h: 640: static inline TIM2_INPUT_CAPTURE_FILTER tim2_input_capture3_filter_read(void) {
                                   2462 ;	-----------------------------------------
                                   2463 ;	 function tim2_input_capture3_filter_read
                                   2464 ;	-----------------------------------------
      0007DE                       2465 _tim2_input_capture3_filter_read:
                                   2466 ;	.\../STM8S103F3_Drivers/timer.h: 641: return (TIM2_INPUT_CAPTURE_FILTER)((TIM2->CCMR3 >> 4) & 0x0F);
      0007DE C6 53 09         [ 1] 2467 	ld	a, 0x5309
      0007E1 4E               [ 1] 2468 	swap	a
      0007E2 A4 0F            [ 1] 2469 	and	a, #15
                                   2470 ;	.\../STM8S103F3_Drivers/timer.h: 642: }
      0007E4 81               [ 4] 2471 	ret
                                   2472 ;	.\../STM8S103F3_Drivers/timer.h: 647: static inline void tim2_capture_compare1_enable(void) {
                                   2473 ;	-----------------------------------------
                                   2474 ;	 function tim2_capture_compare1_enable
                                   2475 ;	-----------------------------------------
      0007E5                       2476 _tim2_capture_compare1_enable:
                                   2477 ;	.\../STM8S103F3_Drivers/timer.h: 648: TIM2->CCER1 |= (1U << 0);
      0007E5 72 10 53 0A      [ 1] 2478 	bset	0x530a, #0
                                   2479 ;	.\../STM8S103F3_Drivers/timer.h: 649: }
      0007E9 81               [ 4] 2480 	ret
                                   2481 ;	.\../STM8S103F3_Drivers/timer.h: 651: static inline void tim2_capture_compare1_disable(void) {
                                   2482 ;	-----------------------------------------
                                   2483 ;	 function tim2_capture_compare1_disable
                                   2484 ;	-----------------------------------------
      0007EA                       2485 _tim2_capture_compare1_disable:
                                   2486 ;	.\../STM8S103F3_Drivers/timer.h: 652: TIM2->CCER1 &= ~(1U << 0);
      0007EA 72 11 53 0A      [ 1] 2487 	bres	0x530a, #0
                                   2488 ;	.\../STM8S103F3_Drivers/timer.h: 653: }
      0007EE 81               [ 4] 2489 	ret
                                   2490 ;	.\../STM8S103F3_Drivers/timer.h: 655: static inline void tim2_capture_compare1_polarity_high(void) {
                                   2491 ;	-----------------------------------------
                                   2492 ;	 function tim2_capture_compare1_polarity_high
                                   2493 ;	-----------------------------------------
      0007EF                       2494 _tim2_capture_compare1_polarity_high:
                                   2495 ;	.\../STM8S103F3_Drivers/timer.h: 656: TIM2->CCER1 &= ~(1U << 1);
      0007EF 72 13 53 0A      [ 1] 2496 	bres	0x530a, #1
                                   2497 ;	.\../STM8S103F3_Drivers/timer.h: 657: }
      0007F3 81               [ 4] 2498 	ret
                                   2499 ;	.\../STM8S103F3_Drivers/timer.h: 659: static inline void tim2_capture_compare1_polarity_low(void) {
                                   2500 ;	-----------------------------------------
                                   2501 ;	 function tim2_capture_compare1_polarity_low
                                   2502 ;	-----------------------------------------
      0007F4                       2503 _tim2_capture_compare1_polarity_low:
                                   2504 ;	.\../STM8S103F3_Drivers/timer.h: 660: TIM2->CCER1 |= (1U << 1);
      0007F4 72 12 53 0A      [ 1] 2505 	bset	0x530a, #1
                                   2506 ;	.\../STM8S103F3_Drivers/timer.h: 661: }
      0007F8 81               [ 4] 2507 	ret
                                   2508 ;	.\../STM8S103F3_Drivers/timer.h: 663: static inline void tim2_capture_compare2_enable(void) {
                                   2509 ;	-----------------------------------------
                                   2510 ;	 function tim2_capture_compare2_enable
                                   2511 ;	-----------------------------------------
      0007F9                       2512 _tim2_capture_compare2_enable:
                                   2513 ;	.\../STM8S103F3_Drivers/timer.h: 664: TIM2->CCER1 |= (1U << 4);
      0007F9 72 18 53 0A      [ 1] 2514 	bset	0x530a, #4
                                   2515 ;	.\../STM8S103F3_Drivers/timer.h: 665: }
      0007FD 81               [ 4] 2516 	ret
                                   2517 ;	.\../STM8S103F3_Drivers/timer.h: 667: static inline void tim2_capture_compare2_disable(void) {
                                   2518 ;	-----------------------------------------
                                   2519 ;	 function tim2_capture_compare2_disable
                                   2520 ;	-----------------------------------------
      0007FE                       2521 _tim2_capture_compare2_disable:
                                   2522 ;	.\../STM8S103F3_Drivers/timer.h: 668: TIM2->CCER1 &= ~(1U << 4);
      0007FE 72 19 53 0A      [ 1] 2523 	bres	0x530a, #4
                                   2524 ;	.\../STM8S103F3_Drivers/timer.h: 669: }
      000802 81               [ 4] 2525 	ret
                                   2526 ;	.\../STM8S103F3_Drivers/timer.h: 671: static inline void tim2_capture_compare2_polarity_high(void) {
                                   2527 ;	-----------------------------------------
                                   2528 ;	 function tim2_capture_compare2_polarity_high
                                   2529 ;	-----------------------------------------
      000803                       2530 _tim2_capture_compare2_polarity_high:
                                   2531 ;	.\../STM8S103F3_Drivers/timer.h: 672: TIM2->CCER1 &= ~(1U << 5);
      000803 72 1B 53 0A      [ 1] 2532 	bres	0x530a, #5
                                   2533 ;	.\../STM8S103F3_Drivers/timer.h: 673: }
      000807 81               [ 4] 2534 	ret
                                   2535 ;	.\../STM8S103F3_Drivers/timer.h: 675: static inline void tim2_capture_compare2_polarity_low(void) {
                                   2536 ;	-----------------------------------------
                                   2537 ;	 function tim2_capture_compare2_polarity_low
                                   2538 ;	-----------------------------------------
      000808                       2539 _tim2_capture_compare2_polarity_low:
                                   2540 ;	.\../STM8S103F3_Drivers/timer.h: 676: TIM2->CCER1 |= (1U << 5);
      000808 72 1A 53 0A      [ 1] 2541 	bset	0x530a, #5
                                   2542 ;	.\../STM8S103F3_Drivers/timer.h: 677: }
      00080C 81               [ 4] 2543 	ret
                                   2544 ;	.\../STM8S103F3_Drivers/timer.h: 682: static inline void tim2_capture_compare3_enable(void) {
                                   2545 ;	-----------------------------------------
                                   2546 ;	 function tim2_capture_compare3_enable
                                   2547 ;	-----------------------------------------
      00080D                       2548 _tim2_capture_compare3_enable:
                                   2549 ;	.\../STM8S103F3_Drivers/timer.h: 683: TIM2->CCER2 |= (1U << 0);
      00080D 72 10 53 0B      [ 1] 2550 	bset	0x530b, #0
                                   2551 ;	.\../STM8S103F3_Drivers/timer.h: 684: }
      000811 81               [ 4] 2552 	ret
                                   2553 ;	.\../STM8S103F3_Drivers/timer.h: 686: static inline void tim2_capture_compare3_disable(void) {
                                   2554 ;	-----------------------------------------
                                   2555 ;	 function tim2_capture_compare3_disable
                                   2556 ;	-----------------------------------------
      000812                       2557 _tim2_capture_compare3_disable:
                                   2558 ;	.\../STM8S103F3_Drivers/timer.h: 687: TIM2->CCER2 &= ~(1U << 0);
      000812 72 11 53 0B      [ 1] 2559 	bres	0x530b, #0
                                   2560 ;	.\../STM8S103F3_Drivers/timer.h: 688: }
      000816 81               [ 4] 2561 	ret
                                   2562 ;	.\../STM8S103F3_Drivers/timer.h: 690: static inline void tim2_capture_compare3_polarity_high(void) {
                                   2563 ;	-----------------------------------------
                                   2564 ;	 function tim2_capture_compare3_polarity_high
                                   2565 ;	-----------------------------------------
      000817                       2566 _tim2_capture_compare3_polarity_high:
                                   2567 ;	.\../STM8S103F3_Drivers/timer.h: 691: TIM2->CCER2 &= ~(1U << 1);
      000817 72 13 53 0B      [ 1] 2568 	bres	0x530b, #1
                                   2569 ;	.\../STM8S103F3_Drivers/timer.h: 692: }
      00081B 81               [ 4] 2570 	ret
                                   2571 ;	.\../STM8S103F3_Drivers/timer.h: 694: static inline void tim2_capture_compare3_polarity_low(void) {
                                   2572 ;	-----------------------------------------
                                   2573 ;	 function tim2_capture_compare3_polarity_low
                                   2574 ;	-----------------------------------------
      00081C                       2575 _tim2_capture_compare3_polarity_low:
                                   2576 ;	.\../STM8S103F3_Drivers/timer.h: 695: TIM2->CCER2 |= (1U << 1);
      00081C 72 12 53 0B      [ 1] 2577 	bset	0x530b, #1
                                   2578 ;	.\../STM8S103F3_Drivers/timer.h: 696: }
      000820 81               [ 4] 2579 	ret
                                   2580 ;	.\../STM8S103F3_Drivers/timer.h: 701: static inline void tim2_counter_write(uint16_t value) {
                                   2581 ;	-----------------------------------------
                                   2582 ;	 function tim2_counter_write
                                   2583 ;	-----------------------------------------
      000821                       2584 _tim2_counter_write:
                                   2585 ;	.\../STM8S103F3_Drivers/timer.h: 703: TIM2->CNTRH = (uint8_t)((value >> 8) & 0xFF);
      000821 9E               [ 1] 2586 	ld	a, xh
      000822 C7 53 0C         [ 1] 2587 	ld	0x530c, a
                                   2588 ;	.\../STM8S103F3_Drivers/timer.h: 704: TIM2->CNTRL = (uint8_t)(value & 0xFF);
      000825 9F               [ 1] 2589 	ld	a, xl
      000826 C7 53 0D         [ 1] 2590 	ld	0x530d, a
                                   2591 ;	.\../STM8S103F3_Drivers/timer.h: 705: }
      000829 81               [ 4] 2592 	ret
                                   2593 ;	.\../STM8S103F3_Drivers/timer.h: 707: static inline uint16_t tim2_counter_read(void) {
                                   2594 ;	-----------------------------------------
                                   2595 ;	 function tim2_counter_read
                                   2596 ;	-----------------------------------------
      00082A                       2597 _tim2_counter_read:
      00082A 52 02            [ 2] 2598 	sub	sp, #2
                                   2599 ;	.\../STM8S103F3_Drivers/timer.h: 709: uint8_t high_byte = TIM2->CNTRH; 
      00082C C6 53 0C         [ 1] 2600 	ld	a, 0x530c
      00082F 95               [ 1] 2601 	ld	xh, a
                                   2602 ;	.\../STM8S103F3_Drivers/timer.h: 710: uint8_t low_byte = TIM2->CNTRL;  
      000830 C6 53 0D         [ 1] 2603 	ld	a, 0x530d
      000833 97               [ 1] 2604 	ld	xl, a
                                   2605 ;	.\../STM8S103F3_Drivers/timer.h: 711: return ((uint16_t)high_byte << 8) | low_byte;
      000834 0F 02            [ 1] 2606 	clr	(0x02, sp)
                                   2607 ;	.\../STM8S103F3_Drivers/timer.h: 712: }
      000836 5B 02            [ 2] 2608 	addw	sp, #2
      000838 81               [ 4] 2609 	ret
                                   2610 ;	.\../STM8S103F3_Drivers/timer.h: 717: static inline void tim2_prescaler_set(uint8_t prescaler) {
                                   2611 ;	-----------------------------------------
                                   2612 ;	 function tim2_prescaler_set
                                   2613 ;	-----------------------------------------
      000839                       2614 _tim2_prescaler_set:
                                   2615 ;	.\../STM8S103F3_Drivers/timer.h: 718: TIM2->PSCR = (prescaler & 0x07);
      000839 A4 07            [ 1] 2616 	and	a, #0x07
      00083B C7 53 0E         [ 1] 2617 	ld	0x530e, a
                                   2618 ;	.\../STM8S103F3_Drivers/timer.h: 719: }
      00083E 81               [ 4] 2619 	ret
                                   2620 ;	.\../STM8S103F3_Drivers/timer.h: 721: static inline uint8_t tim2_prescaler_read(void) {
                                   2621 ;	-----------------------------------------
                                   2622 ;	 function tim2_prescaler_read
                                   2623 ;	-----------------------------------------
      00083F                       2624 _tim2_prescaler_read:
                                   2625 ;	.\../STM8S103F3_Drivers/timer.h: 722: return (TIM2->PSCR & 0x07);
      00083F C6 53 0E         [ 1] 2626 	ld	a, 0x530e
      000842 A4 07            [ 1] 2627 	and	a, #0x07
                                   2628 ;	.\../STM8S103F3_Drivers/timer.h: 723: }
      000844 81               [ 4] 2629 	ret
                                   2630 ;	.\../STM8S103F3_Drivers/timer.h: 728: static inline void tim2_auto_reload_write(uint16_t value) {
                                   2631 ;	-----------------------------------------
                                   2632 ;	 function tim2_auto_reload_write
                                   2633 ;	-----------------------------------------
      000845                       2634 _tim2_auto_reload_write:
                                   2635 ;	.\../STM8S103F3_Drivers/timer.h: 730: TIM2->ARRH = (uint8_t)((value >> 8) & 0xFF);
      000845 9E               [ 1] 2636 	ld	a, xh
      000846 C7 53 0F         [ 1] 2637 	ld	0x530f, a
                                   2638 ;	.\../STM8S103F3_Drivers/timer.h: 731: TIM2->ARRL = (uint8_t)(value & 0xFF);
      000849 9F               [ 1] 2639 	ld	a, xl
      00084A C7 53 10         [ 1] 2640 	ld	0x5310, a
                                   2641 ;	.\../STM8S103F3_Drivers/timer.h: 732: }
      00084D 81               [ 4] 2642 	ret
                                   2643 ;	.\../STM8S103F3_Drivers/timer.h: 734: static inline uint16_t tim2_auto_reload_read(void) {
                                   2644 ;	-----------------------------------------
                                   2645 ;	 function tim2_auto_reload_read
                                   2646 ;	-----------------------------------------
      00084E                       2647 _tim2_auto_reload_read:
      00084E 52 02            [ 2] 2648 	sub	sp, #2
                                   2649 ;	.\../STM8S103F3_Drivers/timer.h: 736: uint8_t high_byte = TIM2->ARRH;
      000850 C6 53 0F         [ 1] 2650 	ld	a, 0x530f
      000853 95               [ 1] 2651 	ld	xh, a
                                   2652 ;	.\../STM8S103F3_Drivers/timer.h: 737: uint8_t low_byte = TIM2->ARRL;
      000854 C6 53 10         [ 1] 2653 	ld	a, 0x5310
      000857 97               [ 1] 2654 	ld	xl, a
                                   2655 ;	.\../STM8S103F3_Drivers/timer.h: 738: return ((uint16_t)high_byte << 8) | low_byte;
      000858 0F 02            [ 1] 2656 	clr	(0x02, sp)
                                   2657 ;	.\../STM8S103F3_Drivers/timer.h: 739: }
      00085A 5B 02            [ 2] 2658 	addw	sp, #2
      00085C 81               [ 4] 2659 	ret
                                   2660 ;	.\../STM8S103F3_Drivers/timer.h: 744: static inline void tim2_capture_compare1_write(uint16_t value) {
                                   2661 ;	-----------------------------------------
                                   2662 ;	 function tim2_capture_compare1_write
                                   2663 ;	-----------------------------------------
      00085D                       2664 _tim2_capture_compare1_write:
                                   2665 ;	.\../STM8S103F3_Drivers/timer.h: 746: TIM2->CCR1H = (uint8_t)((value >> 8) & 0xFF);
      00085D 9E               [ 1] 2666 	ld	a, xh
      00085E C7 53 11         [ 1] 2667 	ld	0x5311, a
                                   2668 ;	.\../STM8S103F3_Drivers/timer.h: 747: TIM2->CCR1L = (uint8_t)(value & 0xFF);
      000861 9F               [ 1] 2669 	ld	a, xl
      000862 C7 53 12         [ 1] 2670 	ld	0x5312, a
                                   2671 ;	.\../STM8S103F3_Drivers/timer.h: 748: }
      000865 81               [ 4] 2672 	ret
                                   2673 ;	.\../STM8S103F3_Drivers/timer.h: 750: static inline uint16_t tim2_capture_compare1_read(void) {
                                   2674 ;	-----------------------------------------
                                   2675 ;	 function tim2_capture_compare1_read
                                   2676 ;	-----------------------------------------
      000866                       2677 _tim2_capture_compare1_read:
      000866 52 02            [ 2] 2678 	sub	sp, #2
                                   2679 ;	.\../STM8S103F3_Drivers/timer.h: 752: uint8_t high_byte = TIM2->CCR1H;
      000868 C6 53 11         [ 1] 2680 	ld	a, 0x5311
      00086B 95               [ 1] 2681 	ld	xh, a
                                   2682 ;	.\../STM8S103F3_Drivers/timer.h: 753: uint8_t low_byte = TIM2->CCR1L;
      00086C C6 53 12         [ 1] 2683 	ld	a, 0x5312
      00086F 97               [ 1] 2684 	ld	xl, a
                                   2685 ;	.\../STM8S103F3_Drivers/timer.h: 754: return ((uint16_t)high_byte << 8) | low_byte;
      000870 0F 02            [ 1] 2686 	clr	(0x02, sp)
                                   2687 ;	.\../STM8S103F3_Drivers/timer.h: 755: }
      000872 5B 02            [ 2] 2688 	addw	sp, #2
      000874 81               [ 4] 2689 	ret
                                   2690 ;	.\../STM8S103F3_Drivers/timer.h: 760: static inline void tim2_capture_compare2_write(uint16_t value) {
                                   2691 ;	-----------------------------------------
                                   2692 ;	 function tim2_capture_compare2_write
                                   2693 ;	-----------------------------------------
      000875                       2694 _tim2_capture_compare2_write:
                                   2695 ;	.\../STM8S103F3_Drivers/timer.h: 762: TIM2->CCR2H = (uint8_t)((value >> 8) & 0xFF);
      000875 9E               [ 1] 2696 	ld	a, xh
      000876 C7 53 13         [ 1] 2697 	ld	0x5313, a
                                   2698 ;	.\../STM8S103F3_Drivers/timer.h: 763: TIM2->CCR2L = (uint8_t)(value & 0xFF);
      000879 9F               [ 1] 2699 	ld	a, xl
      00087A C7 53 14         [ 1] 2700 	ld	0x5314, a
                                   2701 ;	.\../STM8S103F3_Drivers/timer.h: 764: }
      00087D 81               [ 4] 2702 	ret
                                   2703 ;	.\../STM8S103F3_Drivers/timer.h: 766: static inline uint16_t tim2_capture_compare2_read(void) {
                                   2704 ;	-----------------------------------------
                                   2705 ;	 function tim2_capture_compare2_read
                                   2706 ;	-----------------------------------------
      00087E                       2707 _tim2_capture_compare2_read:
      00087E 52 02            [ 2] 2708 	sub	sp, #2
                                   2709 ;	.\../STM8S103F3_Drivers/timer.h: 768: uint8_t high_byte = TIM2->CCR2H;
      000880 C6 53 13         [ 1] 2710 	ld	a, 0x5313
      000883 95               [ 1] 2711 	ld	xh, a
                                   2712 ;	.\../STM8S103F3_Drivers/timer.h: 769: uint8_t low_byte = TIM2->CCR2L;
      000884 C6 53 14         [ 1] 2713 	ld	a, 0x5314
      000887 97               [ 1] 2714 	ld	xl, a
                                   2715 ;	.\../STM8S103F3_Drivers/timer.h: 770: return ((uint16_t)high_byte << 8) | low_byte;
      000888 0F 02            [ 1] 2716 	clr	(0x02, sp)
                                   2717 ;	.\../STM8S103F3_Drivers/timer.h: 771: }
      00088A 5B 02            [ 2] 2718 	addw	sp, #2
      00088C 81               [ 4] 2719 	ret
                                   2720 ;	.\../STM8S103F3_Drivers/timer.h: 774: static inline void tim2_capture_compare3_write(uint16_t value) {
                                   2721 ;	-----------------------------------------
                                   2722 ;	 function tim2_capture_compare3_write
                                   2723 ;	-----------------------------------------
      00088D                       2724 _tim2_capture_compare3_write:
                                   2725 ;	.\../STM8S103F3_Drivers/timer.h: 776: TIM2->CCR3H = (uint8_t)((value >> 8) & 0xFF);
      00088D 9E               [ 1] 2726 	ld	a, xh
      00088E C7 53 15         [ 1] 2727 	ld	0x5315, a
                                   2728 ;	.\../STM8S103F3_Drivers/timer.h: 777: TIM2->CCR3L = (uint8_t)(value & 0xFF);
      000891 9F               [ 1] 2729 	ld	a, xl
      000892 C7 53 16         [ 1] 2730 	ld	0x5316, a
                                   2731 ;	.\../STM8S103F3_Drivers/timer.h: 778: }
      000895 81               [ 4] 2732 	ret
                                   2733 ;	.\../STM8S103F3_Drivers/timer.h: 780: static inline uint16_t tim2_capture_compare3_read(void) {
                                   2734 ;	-----------------------------------------
                                   2735 ;	 function tim2_capture_compare3_read
                                   2736 ;	-----------------------------------------
      000896                       2737 _tim2_capture_compare3_read:
      000896 52 02            [ 2] 2738 	sub	sp, #2
                                   2739 ;	.\../STM8S103F3_Drivers/timer.h: 782: uint8_t high_byte = TIM2->CCR3H;
      000898 C6 53 15         [ 1] 2740 	ld	a, 0x5315
      00089B 95               [ 1] 2741 	ld	xh, a
                                   2742 ;	.\../STM8S103F3_Drivers/timer.h: 783: uint8_t low_byte = TIM2->CCR3L;
      00089C C6 53 16         [ 1] 2743 	ld	a, 0x5316
      00089F 97               [ 1] 2744 	ld	xl, a
                                   2745 ;	.\../STM8S103F3_Drivers/timer.h: 784: return ((uint16_t)high_byte << 8) | low_byte;
      0008A0 0F 02            [ 1] 2746 	clr	(0x02, sp)
                                   2747 ;	.\../STM8S103F3_Drivers/timer.h: 785: }
      0008A2 5B 02            [ 2] 2748 	addw	sp, #2
      0008A4 81               [ 4] 2749 	ret
                                   2750 ;	.\../STM8S103F3_Drivers/timer.h: 790: static inline void tim1_counter_enable(void) {
                                   2751 ;	-----------------------------------------
                                   2752 ;	 function tim1_counter_enable
                                   2753 ;	-----------------------------------------
      0008A5                       2754 _tim1_counter_enable:
                                   2755 ;	.\../STM8S103F3_Drivers/timer.h: 791: TIM1->CR1 |= (1U << 0);
      0008A5 72 10 52 50      [ 1] 2756 	bset	0x5250, #0
                                   2757 ;	.\../STM8S103F3_Drivers/timer.h: 792: }
      0008A9 81               [ 4] 2758 	ret
                                   2759 ;	.\../STM8S103F3_Drivers/timer.h: 794: static inline void tim1_counter_disable(void) {
                                   2760 ;	-----------------------------------------
                                   2761 ;	 function tim1_counter_disable
                                   2762 ;	-----------------------------------------
      0008AA                       2763 _tim1_counter_disable:
                                   2764 ;	.\../STM8S103F3_Drivers/timer.h: 795: TIM1->CR1 &= ~(1U << 0);
      0008AA 72 11 52 50      [ 1] 2765 	bres	0x5250, #0
                                   2766 ;	.\../STM8S103F3_Drivers/timer.h: 796: }
      0008AE 81               [ 4] 2767 	ret
                                   2768 ;	.\../STM8S103F3_Drivers/timer.h: 798: static inline void tim1_auto_update_event_enable(void) {
                                   2769 ;	-----------------------------------------
                                   2770 ;	 function tim1_auto_update_event_enable
                                   2771 ;	-----------------------------------------
      0008AF                       2772 _tim1_auto_update_event_enable:
                                   2773 ;	.\../STM8S103F3_Drivers/timer.h: 799: TIM1->CR1 &= ~(1U << 1);
      0008AF 72 13 52 50      [ 1] 2774 	bres	0x5250, #1
                                   2775 ;	.\../STM8S103F3_Drivers/timer.h: 800: }
      0008B3 81               [ 4] 2776 	ret
                                   2777 ;	.\../STM8S103F3_Drivers/timer.h: 802: static inline void tim1_auto_update_event_disable(void) {
                                   2778 ;	-----------------------------------------
                                   2779 ;	 function tim1_auto_update_event_disable
                                   2780 ;	-----------------------------------------
      0008B4                       2781 _tim1_auto_update_event_disable:
                                   2782 ;	.\../STM8S103F3_Drivers/timer.h: 803: TIM1->CR1 |= (1U << 1);
      0008B4 72 12 52 50      [ 1] 2783 	bset	0x5250, #1
                                   2784 ;	.\../STM8S103F3_Drivers/timer.h: 804: }
      0008B8 81               [ 4] 2785 	ret
                                   2786 ;	.\../STM8S103F3_Drivers/timer.h: 806: static inline void tim1_update_req_src_any_event_set(void) {
                                   2787 ;	-----------------------------------------
                                   2788 ;	 function tim1_update_req_src_any_event_set
                                   2789 ;	-----------------------------------------
      0008B9                       2790 _tim1_update_req_src_any_event_set:
                                   2791 ;	.\../STM8S103F3_Drivers/timer.h: 807: TIM1->CR1 &= ~(1U << 2);
      0008B9 72 15 52 50      [ 1] 2792 	bres	0x5250, #2
                                   2793 ;	.\../STM8S103F3_Drivers/timer.h: 808: }
      0008BD 81               [ 4] 2794 	ret
                                   2795 ;	.\../STM8S103F3_Drivers/timer.h: 810: static inline void tim1_update_req_src_overflow_underflow_only_set(void) {
                                   2796 ;	-----------------------------------------
                                   2797 ;	 function tim1_update_req_src_overflow_underflow_only_set
                                   2798 ;	-----------------------------------------
      0008BE                       2799 _tim1_update_req_src_overflow_underflow_only_set:
                                   2800 ;	.\../STM8S103F3_Drivers/timer.h: 811: TIM1->CR1 |= (1U << 2);
      0008BE 72 14 52 50      [ 1] 2801 	bset	0x5250, #2
                                   2802 ;	.\../STM8S103F3_Drivers/timer.h: 812: }
      0008C2 81               [ 4] 2803 	ret
                                   2804 ;	.\../STM8S103F3_Drivers/timer.h: 814: static inline void tim1_one_pulse_mode_enable(void) {
                                   2805 ;	-----------------------------------------
                                   2806 ;	 function tim1_one_pulse_mode_enable
                                   2807 ;	-----------------------------------------
      0008C3                       2808 _tim1_one_pulse_mode_enable:
                                   2809 ;	.\../STM8S103F3_Drivers/timer.h: 815: TIM1->CR1 |= (1U << 3);
      0008C3 72 16 52 50      [ 1] 2810 	bset	0x5250, #3
                                   2811 ;	.\../STM8S103F3_Drivers/timer.h: 816: }
      0008C7 81               [ 4] 2812 	ret
                                   2813 ;	.\../STM8S103F3_Drivers/timer.h: 818: static inline void tim1_one_pulse_mode_disable(void) {
                                   2814 ;	-----------------------------------------
                                   2815 ;	 function tim1_one_pulse_mode_disable
                                   2816 ;	-----------------------------------------
      0008C8                       2817 _tim1_one_pulse_mode_disable:
                                   2818 ;	.\../STM8S103F3_Drivers/timer.h: 819: TIM1->CR1 &= ~(1U << 3);
      0008C8 72 17 52 50      [ 1] 2819 	bres	0x5250, #3
                                   2820 ;	.\../STM8S103F3_Drivers/timer.h: 820: }
      0008CC 81               [ 4] 2821 	ret
                                   2822 ;	.\../STM8S103F3_Drivers/timer.h: 822: static inline void tim1_direction_up_counter(void) {
                                   2823 ;	-----------------------------------------
                                   2824 ;	 function tim1_direction_up_counter
                                   2825 ;	-----------------------------------------
      0008CD                       2826 _tim1_direction_up_counter:
                                   2827 ;	.\../STM8S103F3_Drivers/timer.h: 823: TIM1->CR1 &= ~(1U << 4);
      0008CD 72 19 52 50      [ 1] 2828 	bres	0x5250, #4
                                   2829 ;	.\../STM8S103F3_Drivers/timer.h: 824: }
      0008D1 81               [ 4] 2830 	ret
                                   2831 ;	.\../STM8S103F3_Drivers/timer.h: 826: static inline void tim1_direction_down_counter(void) {
                                   2832 ;	-----------------------------------------
                                   2833 ;	 function tim1_direction_down_counter
                                   2834 ;	-----------------------------------------
      0008D2                       2835 _tim1_direction_down_counter:
                                   2836 ;	.\../STM8S103F3_Drivers/timer.h: 827: TIM1->CR1 |= (1U << 4);
      0008D2 72 18 52 50      [ 1] 2837 	bset	0x5250, #4
                                   2838 ;	.\../STM8S103F3_Drivers/timer.h: 828: }
      0008D6 81               [ 4] 2839 	ret
                                   2840 ;	.\../STM8S103F3_Drivers/timer.h: 830: static inline void tim1_center_aligned_mode_set(TIM1_CENTER_ALIGNED_MODE mode) {
                                   2841 ;	-----------------------------------------
                                   2842 ;	 function tim1_center_aligned_mode_set
                                   2843 ;	-----------------------------------------
      0008D7                       2844 _tim1_center_aligned_mode_set:
      0008D7 88               [ 1] 2845 	push	a
      0008D8 97               [ 1] 2846 	ld	xl, a
                                   2847 ;	.\../STM8S103F3_Drivers/timer.h: 831: TIM1->CR1 = (TIM1->CR1 & 0x9F) | ((uint8_t)mode << 5);
      0008D9 C6 52 50         [ 1] 2848 	ld	a, 0x5250
      0008DC A4 9F            [ 1] 2849 	and	a, #0x9f
      0008DE 6B 01            [ 1] 2850 	ld	(0x01, sp), a
      0008E0 9F               [ 1] 2851 	ld	a, xl
      0008E1 4E               [ 1] 2852 	swap	a
      0008E2 A4 F0            [ 1] 2853 	and	a, #0xf0
      0008E4 48               [ 1] 2854 	sll	a
      0008E5 1A 01            [ 1] 2855 	or	a, (0x01, sp)
      0008E7 C7 52 50         [ 1] 2856 	ld	0x5250, a
                                   2857 ;	.\../STM8S103F3_Drivers/timer.h: 832: }
      0008EA 84               [ 1] 2858 	pop	a
      0008EB 81               [ 4] 2859 	ret
                                   2860 ;	.\../STM8S103F3_Drivers/timer.h: 834: static inline TIM1_CENTER_ALIGNED_MODE tim1_center_aligned_mode_read(void) {
                                   2861 ;	-----------------------------------------
                                   2862 ;	 function tim1_center_aligned_mode_read
                                   2863 ;	-----------------------------------------
      0008EC                       2864 _tim1_center_aligned_mode_read:
                                   2865 ;	.\../STM8S103F3_Drivers/timer.h: 835: return (TIM1_CENTER_ALIGNED_MODE)((TIM1->CR1 >> 5) & 0x03);
      0008EC C6 52 50         [ 1] 2866 	ld	a, 0x5250
      0008EF 4E               [ 1] 2867 	swap	a
      0008F0 A4 0F            [ 1] 2868 	and	a, #0x0f
      0008F2 44               [ 1] 2869 	srl	a
      0008F3 A4 03            [ 1] 2870 	and	a, #0x03
                                   2871 ;	.\../STM8S103F3_Drivers/timer.h: 836: }
      0008F5 81               [ 4] 2872 	ret
                                   2873 ;	.\../STM8S103F3_Drivers/timer.h: 838: static inline void tim1_auto_reload_preload_enable(void) {
                                   2874 ;	-----------------------------------------
                                   2875 ;	 function tim1_auto_reload_preload_enable
                                   2876 ;	-----------------------------------------
      0008F6                       2877 _tim1_auto_reload_preload_enable:
                                   2878 ;	.\../STM8S103F3_Drivers/timer.h: 839: TIM1->CR1 |= (1U << 7);
      0008F6 72 1E 52 50      [ 1] 2879 	bset	0x5250, #7
                                   2880 ;	.\../STM8S103F3_Drivers/timer.h: 840: }
      0008FA 81               [ 4] 2881 	ret
                                   2882 ;	.\../STM8S103F3_Drivers/timer.h: 842: static inline void tim1_auto_reload_preload_disable(void) {
                                   2883 ;	-----------------------------------------
                                   2884 ;	 function tim1_auto_reload_preload_disable
                                   2885 ;	-----------------------------------------
      0008FB                       2886 _tim1_auto_reload_preload_disable:
                                   2887 ;	.\../STM8S103F3_Drivers/timer.h: 843: TIM1->CR1 &= ~(1U << 7);
      0008FB 72 1F 52 50      [ 1] 2888 	bres	0x5250, #7
                                   2889 ;	.\../STM8S103F3_Drivers/timer.h: 844: }
      0008FF 81               [ 4] 2890 	ret
                                   2891 ;	.\../STM8S103F3_Drivers/timer.h: 849: static inline void tim1_capture_compare_preload_control_enable(void) {
                                   2892 ;	-----------------------------------------
                                   2893 ;	 function tim1_capture_compare_preload_control_enable
                                   2894 ;	-----------------------------------------
      000900                       2895 _tim1_capture_compare_preload_control_enable:
                                   2896 ;	.\../STM8S103F3_Drivers/timer.h: 850: TIM1->CR2 |= (1U << 0);
      000900 72 10 52 51      [ 1] 2897 	bset	0x5251, #0
                                   2898 ;	.\../STM8S103F3_Drivers/timer.h: 851: }
      000904 81               [ 4] 2899 	ret
                                   2900 ;	.\../STM8S103F3_Drivers/timer.h: 853: static inline void tim1_capture_compare_preload_control_disable(void) {
                                   2901 ;	-----------------------------------------
                                   2902 ;	 function tim1_capture_compare_preload_control_disable
                                   2903 ;	-----------------------------------------
      000905                       2904 _tim1_capture_compare_preload_control_disable:
                                   2905 ;	.\../STM8S103F3_Drivers/timer.h: 854: TIM1->CR2 &= ~(1U << 0);
      000905 72 11 52 51      [ 1] 2906 	bres	0x5251, #0
                                   2907 ;	.\../STM8S103F3_Drivers/timer.h: 855: }
      000909 81               [ 4] 2908 	ret
                                   2909 ;	.\../STM8S103F3_Drivers/timer.h: 857: static inline void tim1_capture_compare_control_update_selection_enable(void) {
                                   2910 ;	-----------------------------------------
                                   2911 ;	 function tim1_capture_compare_control_update_selection_enable
                                   2912 ;	-----------------------------------------
      00090A                       2913 _tim1_capture_compare_control_update_selection_enable:
                                   2914 ;	.\../STM8S103F3_Drivers/timer.h: 858: TIM1->CR2 |= (1U << 1);
      00090A 72 12 52 51      [ 1] 2915 	bset	0x5251, #1
                                   2916 ;	.\../STM8S103F3_Drivers/timer.h: 859: }
      00090E 81               [ 4] 2917 	ret
                                   2918 ;	.\../STM8S103F3_Drivers/timer.h: 861: static inline void tim1_capture_compare_control_update_selection_disable(void) {
                                   2919 ;	-----------------------------------------
                                   2920 ;	 function tim1_capture_compare_control_update_selection_disable
                                   2921 ;	-----------------------------------------
      00090F                       2922 _tim1_capture_compare_control_update_selection_disable:
                                   2923 ;	.\../STM8S103F3_Drivers/timer.h: 862: TIM1->CR2 &= ~(1U << 1);
      00090F 72 13 52 51      [ 1] 2924 	bres	0x5251, #1
                                   2925 ;	.\../STM8S103F3_Drivers/timer.h: 863: }
      000913 81               [ 4] 2926 	ret
                                   2927 ;	.\../STM8S103F3_Drivers/timer.h: 865: static inline void tim1_master_mode_selection_set(TIM1_MASTER_MODE mode) {
                                   2928 ;	-----------------------------------------
                                   2929 ;	 function tim1_master_mode_selection_set
                                   2930 ;	-----------------------------------------
      000914                       2931 _tim1_master_mode_selection_set:
      000914 88               [ 1] 2932 	push	a
      000915 97               [ 1] 2933 	ld	xl, a
                                   2934 ;	.\../STM8S103F3_Drivers/timer.h: 866: TIM1->CR2 = (TIM1->CR2 & TIM1_MASTER_MODE_SELECTION_CLR_MASK) | ((uint8_t)mode << 4);
      000916 C6 52 51         [ 1] 2935 	ld	a, 0x5251
      000919 A4 8F            [ 1] 2936 	and	a, #0x8f
      00091B 6B 01            [ 1] 2937 	ld	(0x01, sp), a
      00091D 9F               [ 1] 2938 	ld	a, xl
      00091E 4E               [ 1] 2939 	swap	a
      00091F A4 F0            [ 1] 2940 	and	a, #0xf0
      000921 1A 01            [ 1] 2941 	or	a, (0x01, sp)
      000923 C7 52 51         [ 1] 2942 	ld	0x5251, a
                                   2943 ;	.\../STM8S103F3_Drivers/timer.h: 867: }
      000926 84               [ 1] 2944 	pop	a
      000927 81               [ 4] 2945 	ret
                                   2946 ;	.\../STM8S103F3_Drivers/timer.h: 869: static inline TIM1_MASTER_MODE tim1_master_mode_selection_read(void) {
                                   2947 ;	-----------------------------------------
                                   2948 ;	 function tim1_master_mode_selection_read
                                   2949 ;	-----------------------------------------
      000928                       2950 _tim1_master_mode_selection_read:
                                   2951 ;	.\../STM8S103F3_Drivers/timer.h: 870: return (TIM1_MASTER_MODE)((TIM1->CR2 >> 4) & 0x07);
      000928 C6 52 51         [ 1] 2952 	ld	a, 0x5251
      00092B 4E               [ 1] 2953 	swap	a
      00092C A4 07            [ 1] 2954 	and	a, #7
                                   2955 ;	.\../STM8S103F3_Drivers/timer.h: 871: }
      00092E 81               [ 4] 2956 	ret
                                   2957 ;	.\../STM8S103F3_Drivers/timer.h: 876: static inline void tim1_slave_mode_set(TIM1_SLAVE_MODE mode) {
                                   2958 ;	-----------------------------------------
                                   2959 ;	 function tim1_slave_mode_set
                                   2960 ;	-----------------------------------------
      00092F                       2961 _tim1_slave_mode_set:
      00092F 88               [ 1] 2962 	push	a
      000930 97               [ 1] 2963 	ld	xl, a
                                   2964 ;	.\../STM8S103F3_Drivers/timer.h: 877: TIM1->SMCR = (TIM1->SMCR & TIM1_SLAVE_MODE_CLR_MASK) | (mode & 0x07);
      000931 C6 52 52         [ 1] 2965 	ld	a, 0x5252
      000934 A4 F8            [ 1] 2966 	and	a, #0xf8
      000936 6B 01            [ 1] 2967 	ld	(0x01, sp), a
      000938 9F               [ 1] 2968 	ld	a, xl
      000939 A4 07            [ 1] 2969 	and	a, #0x07
      00093B 1A 01            [ 1] 2970 	or	a, (0x01, sp)
      00093D C7 52 52         [ 1] 2971 	ld	0x5252, a
                                   2972 ;	.\../STM8S103F3_Drivers/timer.h: 878: }
      000940 84               [ 1] 2973 	pop	a
      000941 81               [ 4] 2974 	ret
                                   2975 ;	.\../STM8S103F3_Drivers/timer.h: 880: static inline TIM1_SLAVE_MODE tim1_slave_mode_read(void) {
                                   2976 ;	-----------------------------------------
                                   2977 ;	 function tim1_slave_mode_read
                                   2978 ;	-----------------------------------------
      000942                       2979 _tim1_slave_mode_read:
                                   2980 ;	.\../STM8S103F3_Drivers/timer.h: 881: return (TIM1_SLAVE_MODE)(TIM1->SMCR & 0x07);
      000942 C6 52 52         [ 1] 2981 	ld	a, 0x5252
      000945 A4 07            [ 1] 2982 	and	a, #0x07
                                   2983 ;	.\../STM8S103F3_Drivers/timer.h: 882: }
      000947 81               [ 4] 2984 	ret
                                   2985 ;	.\../STM8S103F3_Drivers/timer.h: 884: static inline void tim1_trigger_selection_set(TIM1_TRIGGER_SOURCE source) {
                                   2986 ;	-----------------------------------------
                                   2987 ;	 function tim1_trigger_selection_set
                                   2988 ;	-----------------------------------------
      000948                       2989 _tim1_trigger_selection_set:
      000948 88               [ 1] 2990 	push	a
      000949 97               [ 1] 2991 	ld	xl, a
                                   2992 ;	.\../STM8S103F3_Drivers/timer.h: 885: TIM1->SMCR = (TIM1->SMCR & TIM1_TRIGGER_SELECTION_CLR_MASK) | ((uint8_t)source << 4);
      00094A C6 52 52         [ 1] 2993 	ld	a, 0x5252
      00094D A4 8F            [ 1] 2994 	and	a, #0x8f
      00094F 6B 01            [ 1] 2995 	ld	(0x01, sp), a
      000951 9F               [ 1] 2996 	ld	a, xl
      000952 4E               [ 1] 2997 	swap	a
      000953 A4 F0            [ 1] 2998 	and	a, #0xf0
      000955 1A 01            [ 1] 2999 	or	a, (0x01, sp)
      000957 C7 52 52         [ 1] 3000 	ld	0x5252, a
                                   3001 ;	.\../STM8S103F3_Drivers/timer.h: 886: }
      00095A 84               [ 1] 3002 	pop	a
      00095B 81               [ 4] 3003 	ret
                                   3004 ;	.\../STM8S103F3_Drivers/timer.h: 888: static inline TIM1_TRIGGER_SOURCE tim1_trigger_selection_read(void) {
                                   3005 ;	-----------------------------------------
                                   3006 ;	 function tim1_trigger_selection_read
                                   3007 ;	-----------------------------------------
      00095C                       3008 _tim1_trigger_selection_read:
                                   3009 ;	.\../STM8S103F3_Drivers/timer.h: 889: return (TIM1_TRIGGER_SOURCE)((TIM1->SMCR >> 4) & 0x07);
      00095C C6 52 52         [ 1] 3010 	ld	a, 0x5252
      00095F 4E               [ 1] 3011 	swap	a
      000960 A4 07            [ 1] 3012 	and	a, #7
                                   3013 ;	.\../STM8S103F3_Drivers/timer.h: 890: }
      000962 81               [ 4] 3014 	ret
                                   3015 ;	.\../STM8S103F3_Drivers/timer.h: 892: static inline void tim1_master_slave_mode_enable(void) {
                                   3016 ;	-----------------------------------------
                                   3017 ;	 function tim1_master_slave_mode_enable
                                   3018 ;	-----------------------------------------
      000963                       3019 _tim1_master_slave_mode_enable:
                                   3020 ;	.\../STM8S103F3_Drivers/timer.h: 893: TIM1->SMCR |= (1U << 7);
      000963 72 1E 52 52      [ 1] 3021 	bset	0x5252, #7
                                   3022 ;	.\../STM8S103F3_Drivers/timer.h: 894: }
      000967 81               [ 4] 3023 	ret
                                   3024 ;	.\../STM8S103F3_Drivers/timer.h: 896: static inline void tim1_master_slave_mode_disable(void) {
                                   3025 ;	-----------------------------------------
                                   3026 ;	 function tim1_master_slave_mode_disable
                                   3027 ;	-----------------------------------------
      000968                       3028 _tim1_master_slave_mode_disable:
                                   3029 ;	.\../STM8S103F3_Drivers/timer.h: 897: TIM1->SMCR &= ~(1U << 7);
      000968 72 1F 52 52      [ 1] 3030 	bres	0x5252, #7
                                   3031 ;	.\../STM8S103F3_Drivers/timer.h: 898: }
      00096C 81               [ 4] 3032 	ret
                                   3033 ;	.\../STM8S103F3_Drivers/timer.h: 903: static inline void tim1_external_trigger_filter_set(TIM1_EXTERNAL_TRIGGER_FILTER filter) {
                                   3034 ;	-----------------------------------------
                                   3035 ;	 function tim1_external_trigger_filter_set
                                   3036 ;	-----------------------------------------
      00096D                       3037 _tim1_external_trigger_filter_set:
      00096D 88               [ 1] 3038 	push	a
      00096E 6B 01            [ 1] 3039 	ld	(0x01, sp), a
                                   3040 ;	.\../STM8S103F3_Drivers/timer.h: 904: TIM1->ETR = (TIM1->ETR & TIM1_EXTERNAL_TRIGGER_PSC_CLR_MASK) | filter;
      000970 C6 52 53         [ 1] 3041 	ld	a, 0x5253
      000973 A4 F0            [ 1] 3042 	and	a, #0xf0
      000975 1A 01            [ 1] 3043 	or	a, (0x01, sp)
      000977 C7 52 53         [ 1] 3044 	ld	0x5253, a
                                   3045 ;	.\../STM8S103F3_Drivers/timer.h: 905: }
      00097A 84               [ 1] 3046 	pop	a
      00097B 81               [ 4] 3047 	ret
                                   3048 ;	.\../STM8S103F3_Drivers/timer.h: 907: static inline TIM1_EXTERNAL_TRIGGER_FILTER tim1_external_trigger_filter_read(void) {
                                   3049 ;	-----------------------------------------
                                   3050 ;	 function tim1_external_trigger_filter_read
                                   3051 ;	-----------------------------------------
      00097C                       3052 _tim1_external_trigger_filter_read:
                                   3053 ;	.\../STM8S103F3_Drivers/timer.h: 908: return (TIM1_EXTERNAL_TRIGGER_FILTER)(TIM1->ETR & 0x0F);
      00097C C6 52 53         [ 1] 3054 	ld	a, 0x5253
      00097F A4 0F            [ 1] 3055 	and	a, #0x0f
                                   3056 ;	.\../STM8S103F3_Drivers/timer.h: 909: }
      000981 81               [ 4] 3057 	ret
                                   3058 ;	.\../STM8S103F3_Drivers/timer.h: 911: static inline void tim1_external_trigger_prescaler_set(TIM1_EXTERNAL_TRIGGER_PRESCALER psc) {
                                   3059 ;	-----------------------------------------
                                   3060 ;	 function tim1_external_trigger_prescaler_set
                                   3061 ;	-----------------------------------------
      000982                       3062 _tim1_external_trigger_prescaler_set:
      000982 88               [ 1] 3063 	push	a
      000983 97               [ 1] 3064 	ld	xl, a
                                   3065 ;	.\../STM8S103F3_Drivers/timer.h: 912: TIM1->ETR = (TIM1->ETR & TIM1_EXTERNAL_TRIGGER_PRESCALER_CLR_MASK) | ((uint8_t)psc << 4);
      000984 C6 52 53         [ 1] 3066 	ld	a, 0x5253
      000987 A4 CF            [ 1] 3067 	and	a, #0xcf
      000989 6B 01            [ 1] 3068 	ld	(0x01, sp), a
      00098B 9F               [ 1] 3069 	ld	a, xl
      00098C 4E               [ 1] 3070 	swap	a
      00098D A4 F0            [ 1] 3071 	and	a, #0xf0
      00098F 1A 01            [ 1] 3072 	or	a, (0x01, sp)
      000991 C7 52 53         [ 1] 3073 	ld	0x5253, a
                                   3074 ;	.\../STM8S103F3_Drivers/timer.h: 913: }
      000994 84               [ 1] 3075 	pop	a
      000995 81               [ 4] 3076 	ret
                                   3077 ;	.\../STM8S103F3_Drivers/timer.h: 915: static inline TIM1_EXTERNAL_TRIGGER_PRESCALER tim1_external_trigger_prescaler_read(void) {
                                   3078 ;	-----------------------------------------
                                   3079 ;	 function tim1_external_trigger_prescaler_read
                                   3080 ;	-----------------------------------------
      000996                       3081 _tim1_external_trigger_prescaler_read:
                                   3082 ;	.\../STM8S103F3_Drivers/timer.h: 916: return (TIM1_EXTERNAL_TRIGGER_PRESCALER)((TIM1->ETR >> 4) & 0x03);
      000996 C6 52 53         [ 1] 3083 	ld	a, 0x5253
      000999 4E               [ 1] 3084 	swap	a
      00099A A4 03            [ 1] 3085 	and	a, #3
                                   3086 ;	.\../STM8S103F3_Drivers/timer.h: 917: }
      00099C 81               [ 4] 3087 	ret
                                   3088 ;	.\../STM8S103F3_Drivers/timer.h: 919: static inline void tim1_external_clock_mode_2_enable(void) {
                                   3089 ;	-----------------------------------------
                                   3090 ;	 function tim1_external_clock_mode_2_enable
                                   3091 ;	-----------------------------------------
      00099D                       3092 _tim1_external_clock_mode_2_enable:
                                   3093 ;	.\../STM8S103F3_Drivers/timer.h: 920: TIM1->ETR |= (1U << 6);
      00099D 72 1C 52 53      [ 1] 3094 	bset	0x5253, #6
                                   3095 ;	.\../STM8S103F3_Drivers/timer.h: 921: }
      0009A1 81               [ 4] 3096 	ret
                                   3097 ;	.\../STM8S103F3_Drivers/timer.h: 923: static inline void tim1_external_clock_mode_2_disable(void) {
                                   3098 ;	-----------------------------------------
                                   3099 ;	 function tim1_external_clock_mode_2_disable
                                   3100 ;	-----------------------------------------
      0009A2                       3101 _tim1_external_clock_mode_2_disable:
                                   3102 ;	.\../STM8S103F3_Drivers/timer.h: 924: TIM1->ETR &= ~(1U << 6);
      0009A2 72 1D 52 53      [ 1] 3103 	bres	0x5253, #6
                                   3104 ;	.\../STM8S103F3_Drivers/timer.h: 925: }
      0009A6 81               [ 4] 3105 	ret
                                   3106 ;	.\../STM8S103F3_Drivers/timer.h: 927: static inline void tim1_external_trigger_polarity_high(void) {
                                   3107 ;	-----------------------------------------
                                   3108 ;	 function tim1_external_trigger_polarity_high
                                   3109 ;	-----------------------------------------
      0009A7                       3110 _tim1_external_trigger_polarity_high:
                                   3111 ;	.\../STM8S103F3_Drivers/timer.h: 928: TIM1->ETR &= ~(1U << 7);
      0009A7 72 1F 52 53      [ 1] 3112 	bres	0x5253, #7
                                   3113 ;	.\../STM8S103F3_Drivers/timer.h: 929: }
      0009AB 81               [ 4] 3114 	ret
                                   3115 ;	.\../STM8S103F3_Drivers/timer.h: 931: static inline void tim1_external_trigger_polarity_low(void) {
                                   3116 ;	-----------------------------------------
                                   3117 ;	 function tim1_external_trigger_polarity_low
                                   3118 ;	-----------------------------------------
      0009AC                       3119 _tim1_external_trigger_polarity_low:
                                   3120 ;	.\../STM8S103F3_Drivers/timer.h: 932: TIM1->ETR |= (1U << 7);
      0009AC 72 1E 52 53      [ 1] 3121 	bset	0x5253, #7
                                   3122 ;	.\../STM8S103F3_Drivers/timer.h: 933: }
      0009B0 81               [ 4] 3123 	ret
                                   3124 ;	.\../STM8S103F3_Drivers/timer.h: 945: static inline void tim1_irq_enable(TIM1_IRQ irq) {
                                   3125 ;	-----------------------------------------
                                   3126 ;	 function tim1_irq_enable
                                   3127 ;	-----------------------------------------
      0009B1                       3128 _tim1_irq_enable:
      0009B1 88               [ 1] 3129 	push	a
      0009B2 97               [ 1] 3130 	ld	xl, a
                                   3131 ;	.\../STM8S103F3_Drivers/timer.h: 946: TIM1->IER |= (1U << irq);
      0009B3 C6 52 54         [ 1] 3132 	ld	a, 0x5254
      0009B6 88               [ 1] 3133 	push	a
      0009B7 A6 01            [ 1] 3134 	ld	a, #0x01
      0009B9 6B 02            [ 1] 3135 	ld	(0x02, sp), a
      0009BB 9F               [ 1] 3136 	ld	a, xl
      0009BC 4D               [ 1] 3137 	tnz	a
      0009BD 27 05            [ 1] 3138 	jreq	00104$
      0009BF                       3139 00103$:
      0009BF 08 02            [ 1] 3140 	sll	(0x02, sp)
      0009C1 4A               [ 1] 3141 	dec	a
      0009C2 26 FB            [ 1] 3142 	jrne	00103$
      0009C4                       3143 00104$:
      0009C4 84               [ 1] 3144 	pop	a
      0009C5 1A 01            [ 1] 3145 	or	a, (0x01, sp)
      0009C7 C7 52 54         [ 1] 3146 	ld	0x5254, a
                                   3147 ;	.\../STM8S103F3_Drivers/timer.h: 947: }
      0009CA 84               [ 1] 3148 	pop	a
      0009CB 81               [ 4] 3149 	ret
                                   3150 ;	.\../STM8S103F3_Drivers/timer.h: 949: static inline void tim1_irq_disable(TIM1_IRQ irq) {
                                   3151 ;	-----------------------------------------
                                   3152 ;	 function tim1_irq_disable
                                   3153 ;	-----------------------------------------
      0009CC                       3154 _tim1_irq_disable:
      0009CC 88               [ 1] 3155 	push	a
      0009CD 97               [ 1] 3156 	ld	xl, a
                                   3157 ;	.\../STM8S103F3_Drivers/timer.h: 950: TIM1->IER &= ~(1U << irq);
      0009CE C6 52 54         [ 1] 3158 	ld	a, 0x5254
      0009D1 6B 01            [ 1] 3159 	ld	(0x01, sp), a
      0009D3 A6 01            [ 1] 3160 	ld	a, #0x01
      0009D5 88               [ 1] 3161 	push	a
      0009D6 9F               [ 1] 3162 	ld	a, xl
      0009D7 4D               [ 1] 3163 	tnz	a
      0009D8 27 05            [ 1] 3164 	jreq	00104$
      0009DA                       3165 00103$:
      0009DA 08 01            [ 1] 3166 	sll	(1, sp)
      0009DC 4A               [ 1] 3167 	dec	a
      0009DD 26 FB            [ 1] 3168 	jrne	00103$
      0009DF                       3169 00104$:
      0009DF 84               [ 1] 3170 	pop	a
      0009E0 43               [ 1] 3171 	cpl	a
      0009E1 14 01            [ 1] 3172 	and	a, (0x01, sp)
      0009E3 C7 52 54         [ 1] 3173 	ld	0x5254, a
                                   3174 ;	.\../STM8S103F3_Drivers/timer.h: 951: }
      0009E6 84               [ 1] 3175 	pop	a
      0009E7 81               [ 4] 3176 	ret
                                   3177 ;	.\../STM8S103F3_Drivers/timer.h: 960: static inline void tim1_capture_compare_irq_enable(TIM1_CAPTURE_COMPARE_IRQ cc_irq) {
                                   3178 ;	-----------------------------------------
                                   3179 ;	 function tim1_capture_compare_irq_enable
                                   3180 ;	-----------------------------------------
      0009E8                       3181 _tim1_capture_compare_irq_enable:
      0009E8 88               [ 1] 3182 	push	a
      0009E9 97               [ 1] 3183 	ld	xl, a
                                   3184 ;	.\../STM8S103F3_Drivers/timer.h: 961: TIM1->IER |= (1U << cc_irq);
      0009EA C6 52 54         [ 1] 3185 	ld	a, 0x5254
      0009ED 88               [ 1] 3186 	push	a
      0009EE A6 01            [ 1] 3187 	ld	a, #0x01
      0009F0 6B 02            [ 1] 3188 	ld	(0x02, sp), a
      0009F2 9F               [ 1] 3189 	ld	a, xl
      0009F3 4D               [ 1] 3190 	tnz	a
      0009F4 27 05            [ 1] 3191 	jreq	00104$
      0009F6                       3192 00103$:
      0009F6 08 02            [ 1] 3193 	sll	(0x02, sp)
      0009F8 4A               [ 1] 3194 	dec	a
      0009F9 26 FB            [ 1] 3195 	jrne	00103$
      0009FB                       3196 00104$:
      0009FB 84               [ 1] 3197 	pop	a
      0009FC 1A 01            [ 1] 3198 	or	a, (0x01, sp)
      0009FE C7 52 54         [ 1] 3199 	ld	0x5254, a
                                   3200 ;	.\../STM8S103F3_Drivers/timer.h: 962: }
      000A01 84               [ 1] 3201 	pop	a
      000A02 81               [ 4] 3202 	ret
                                   3203 ;	.\../STM8S103F3_Drivers/timer.h: 964: static inline void tim1_capture_compare_irq_disable(TIM1_CAPTURE_COMPARE_IRQ cc_irq) {
                                   3204 ;	-----------------------------------------
                                   3205 ;	 function tim1_capture_compare_irq_disable
                                   3206 ;	-----------------------------------------
      000A03                       3207 _tim1_capture_compare_irq_disable:
      000A03 88               [ 1] 3208 	push	a
      000A04 97               [ 1] 3209 	ld	xl, a
                                   3210 ;	.\../STM8S103F3_Drivers/timer.h: 965: TIM1->IER &= ~(1U << cc_irq);
      000A05 C6 52 54         [ 1] 3211 	ld	a, 0x5254
      000A08 6B 01            [ 1] 3212 	ld	(0x01, sp), a
      000A0A A6 01            [ 1] 3213 	ld	a, #0x01
      000A0C 88               [ 1] 3214 	push	a
      000A0D 9F               [ 1] 3215 	ld	a, xl
      000A0E 4D               [ 1] 3216 	tnz	a
      000A0F 27 05            [ 1] 3217 	jreq	00104$
      000A11                       3218 00103$:
      000A11 08 01            [ 1] 3219 	sll	(1, sp)
      000A13 4A               [ 1] 3220 	dec	a
      000A14 26 FB            [ 1] 3221 	jrne	00103$
      000A16                       3222 00104$:
      000A16 84               [ 1] 3223 	pop	a
      000A17 43               [ 1] 3224 	cpl	a
      000A18 14 01            [ 1] 3225 	and	a, (0x01, sp)
      000A1A C7 52 54         [ 1] 3226 	ld	0x5254, a
                                   3227 ;	.\../STM8S103F3_Drivers/timer.h: 966: }
      000A1D 84               [ 1] 3228 	pop	a
      000A1E 81               [ 4] 3229 	ret
                                   3230 ;	.\../STM8S103F3_Drivers/timer.h: 978: static inline void tim1_irq_flag_clear(TIM1_IRQ_FLAG irq_flag) {
                                   3231 ;	-----------------------------------------
                                   3232 ;	 function tim1_irq_flag_clear
                                   3233 ;	-----------------------------------------
      000A1F                       3234 _tim1_irq_flag_clear:
      000A1F 88               [ 1] 3235 	push	a
      000A20 97               [ 1] 3236 	ld	xl, a
                                   3237 ;	.\../STM8S103F3_Drivers/timer.h: 979: TIM1->SR1 &= ~(1U << irq_flag);
      000A21 C6 52 55         [ 1] 3238 	ld	a, 0x5255
      000A24 6B 01            [ 1] 3239 	ld	(0x01, sp), a
      000A26 A6 01            [ 1] 3240 	ld	a, #0x01
      000A28 88               [ 1] 3241 	push	a
      000A29 9F               [ 1] 3242 	ld	a, xl
      000A2A 4D               [ 1] 3243 	tnz	a
      000A2B 27 05            [ 1] 3244 	jreq	00104$
      000A2D                       3245 00103$:
      000A2D 08 01            [ 1] 3246 	sll	(1, sp)
      000A2F 4A               [ 1] 3247 	dec	a
      000A30 26 FB            [ 1] 3248 	jrne	00103$
      000A32                       3249 00104$:
      000A32 84               [ 1] 3250 	pop	a
      000A33 43               [ 1] 3251 	cpl	a
      000A34 14 01            [ 1] 3252 	and	a, (0x01, sp)
      000A36 C7 52 55         [ 1] 3253 	ld	0x5255, a
                                   3254 ;	.\../STM8S103F3_Drivers/timer.h: 980: }
      000A39 84               [ 1] 3255 	pop	a
      000A3A 81               [ 4] 3256 	ret
                                   3257 ;	.\../STM8S103F3_Drivers/timer.h: 982: static inline uint8_t tim1_irq_flag_read(TIM1_IRQ_FLAG irq_flag) {
                                   3258 ;	-----------------------------------------
                                   3259 ;	 function tim1_irq_flag_read
                                   3260 ;	-----------------------------------------
      000A3B                       3261 _tim1_irq_flag_read:
      000A3B 97               [ 1] 3262 	ld	xl, a
                                   3263 ;	.\../STM8S103F3_Drivers/timer.h: 983: return ((TIM1->SR1 >> irq_flag) & 1);
      000A3C C6 52 55         [ 1] 3264 	ld	a, 0x5255
      000A3F 88               [ 1] 3265 	push	a
      000A40 9F               [ 1] 3266 	ld	a, xl
      000A41 4D               [ 1] 3267 	tnz	a
      000A42 27 05            [ 1] 3268 	jreq	00104$
      000A44                       3269 00103$:
      000A44 04 01            [ 1] 3270 	srl	(1, sp)
      000A46 4A               [ 1] 3271 	dec	a
      000A47 26 FB            [ 1] 3272 	jrne	00103$
      000A49                       3273 00104$:
      000A49 84               [ 1] 3274 	pop	a
      000A4A A4 01            [ 1] 3275 	and	a, #0x01
                                   3276 ;	.\../STM8S103F3_Drivers/timer.h: 984: }
      000A4C 81               [ 4] 3277 	ret
                                   3278 ;	.\../STM8S103F3_Drivers/timer.h: 993: static inline void tim1_capture_compare_irq_flag_clear(TIM1_CAPTURE_COMPARE_IRQ_FLAG cc_irq_flag) {
                                   3279 ;	-----------------------------------------
                                   3280 ;	 function tim1_capture_compare_irq_flag_clear
                                   3281 ;	-----------------------------------------
      000A4D                       3282 _tim1_capture_compare_irq_flag_clear:
      000A4D 88               [ 1] 3283 	push	a
      000A4E 97               [ 1] 3284 	ld	xl, a
                                   3285 ;	.\../STM8S103F3_Drivers/timer.h: 994: TIM1->SR1 &= ~(1U << cc_irq_flag);
      000A4F C6 52 55         [ 1] 3286 	ld	a, 0x5255
      000A52 6B 01            [ 1] 3287 	ld	(0x01, sp), a
      000A54 A6 01            [ 1] 3288 	ld	a, #0x01
      000A56 88               [ 1] 3289 	push	a
      000A57 9F               [ 1] 3290 	ld	a, xl
      000A58 4D               [ 1] 3291 	tnz	a
      000A59 27 05            [ 1] 3292 	jreq	00104$
      000A5B                       3293 00103$:
      000A5B 08 01            [ 1] 3294 	sll	(1, sp)
      000A5D 4A               [ 1] 3295 	dec	a
      000A5E 26 FB            [ 1] 3296 	jrne	00103$
      000A60                       3297 00104$:
      000A60 84               [ 1] 3298 	pop	a
      000A61 43               [ 1] 3299 	cpl	a
      000A62 14 01            [ 1] 3300 	and	a, (0x01, sp)
      000A64 C7 52 55         [ 1] 3301 	ld	0x5255, a
                                   3302 ;	.\../STM8S103F3_Drivers/timer.h: 995: }
      000A67 84               [ 1] 3303 	pop	a
      000A68 81               [ 4] 3304 	ret
                                   3305 ;	.\../STM8S103F3_Drivers/timer.h: 997: static inline uint8_t tim1_capture_compare_irq_flag_read(TIM1_CAPTURE_COMPARE_IRQ_FLAG cc_irq_flag) {
                                   3306 ;	-----------------------------------------
                                   3307 ;	 function tim1_capture_compare_irq_flag_read
                                   3308 ;	-----------------------------------------
      000A69                       3309 _tim1_capture_compare_irq_flag_read:
      000A69 97               [ 1] 3310 	ld	xl, a
                                   3311 ;	.\../STM8S103F3_Drivers/timer.h: 998: return ((TIM1->SR1 >> cc_irq_flag) & 1);
      000A6A C6 52 55         [ 1] 3312 	ld	a, 0x5255
      000A6D 88               [ 1] 3313 	push	a
      000A6E 9F               [ 1] 3314 	ld	a, xl
      000A6F 4D               [ 1] 3315 	tnz	a
      000A70 27 05            [ 1] 3316 	jreq	00104$
      000A72                       3317 00103$:
      000A72 04 01            [ 1] 3318 	srl	(1, sp)
      000A74 4A               [ 1] 3319 	dec	a
      000A75 26 FB            [ 1] 3320 	jrne	00103$
      000A77                       3321 00104$:
      000A77 84               [ 1] 3322 	pop	a
      000A78 A4 01            [ 1] 3323 	and	a, #0x01
                                   3324 ;	.\../STM8S103F3_Drivers/timer.h: 999: }
      000A7A 81               [ 4] 3325 	ret
                                   3326 ;	.\../STM8S103F3_Drivers/timer.h: 1011: static inline void tim1_capture_compare_overcapture_flag_clear(TIM1_OVER_CAPTURE_FLAG oc_flag) {
                                   3327 ;	-----------------------------------------
                                   3328 ;	 function tim1_capture_compare_overcapture_flag_clear
                                   3329 ;	-----------------------------------------
      000A7B                       3330 _tim1_capture_compare_overcapture_flag_clear:
      000A7B 88               [ 1] 3331 	push	a
      000A7C 97               [ 1] 3332 	ld	xl, a
                                   3333 ;	.\../STM8S103F3_Drivers/timer.h: 1012: TIM1->SR2 &= ~(1U << oc_flag);
      000A7D C6 52 56         [ 1] 3334 	ld	a, 0x5256
      000A80 6B 01            [ 1] 3335 	ld	(0x01, sp), a
      000A82 A6 01            [ 1] 3336 	ld	a, #0x01
      000A84 88               [ 1] 3337 	push	a
      000A85 9F               [ 1] 3338 	ld	a, xl
      000A86 4D               [ 1] 3339 	tnz	a
      000A87 27 05            [ 1] 3340 	jreq	00104$
      000A89                       3341 00103$:
      000A89 08 01            [ 1] 3342 	sll	(1, sp)
      000A8B 4A               [ 1] 3343 	dec	a
      000A8C 26 FB            [ 1] 3344 	jrne	00103$
      000A8E                       3345 00104$:
      000A8E 84               [ 1] 3346 	pop	a
      000A8F 43               [ 1] 3347 	cpl	a
      000A90 14 01            [ 1] 3348 	and	a, (0x01, sp)
      000A92 C7 52 56         [ 1] 3349 	ld	0x5256, a
                                   3350 ;	.\../STM8S103F3_Drivers/timer.h: 1013: }
      000A95 84               [ 1] 3351 	pop	a
      000A96 81               [ 4] 3352 	ret
                                   3353 ;	.\../STM8S103F3_Drivers/timer.h: 1015: static inline uint8_t tim1_capture_compare_overcapture_flag_read(TIM1_OVER_CAPTURE_FLAG oc_flag) {
                                   3354 ;	-----------------------------------------
                                   3355 ;	 function tim1_capture_compare_overcapture_flag_read
                                   3356 ;	-----------------------------------------
      000A97                       3357 _tim1_capture_compare_overcapture_flag_read:
      000A97 97               [ 1] 3358 	ld	xl, a
                                   3359 ;	.\../STM8S103F3_Drivers/timer.h: 1016: return ((TIM1->SR2 >> oc_flag) & 1);
      000A98 C6 52 56         [ 1] 3360 	ld	a, 0x5256
      000A9B 88               [ 1] 3361 	push	a
      000A9C 9F               [ 1] 3362 	ld	a, xl
      000A9D 4D               [ 1] 3363 	tnz	a
      000A9E 27 05            [ 1] 3364 	jreq	00104$
      000AA0                       3365 00103$:
      000AA0 04 01            [ 1] 3366 	srl	(1, sp)
      000AA2 4A               [ 1] 3367 	dec	a
      000AA3 26 FB            [ 1] 3368 	jrne	00103$
      000AA5                       3369 00104$:
      000AA5 84               [ 1] 3370 	pop	a
      000AA6 A4 01            [ 1] 3371 	and	a, #0x01
                                   3372 ;	.\../STM8S103F3_Drivers/timer.h: 1017: }
      000AA8 81               [ 4] 3373 	ret
                                   3374 ;	.\../STM8S103F3_Drivers/timer.h: 1029: static inline void tim1_event_generate(TIM1_EVENT event) {
                                   3375 ;	-----------------------------------------
                                   3376 ;	 function tim1_event_generate
                                   3377 ;	-----------------------------------------
      000AA9                       3378 _tim1_event_generate:
      000AA9 88               [ 1] 3379 	push	a
      000AAA 97               [ 1] 3380 	ld	xl, a
                                   3381 ;	.\../STM8S103F3_Drivers/timer.h: 1030: TIM1->EGR |= (1U << event);
      000AAB C6 52 57         [ 1] 3382 	ld	a, 0x5257
      000AAE 88               [ 1] 3383 	push	a
      000AAF A6 01            [ 1] 3384 	ld	a, #0x01
      000AB1 6B 02            [ 1] 3385 	ld	(0x02, sp), a
      000AB3 9F               [ 1] 3386 	ld	a, xl
      000AB4 4D               [ 1] 3387 	tnz	a
      000AB5 27 05            [ 1] 3388 	jreq	00104$
      000AB7                       3389 00103$:
      000AB7 08 02            [ 1] 3390 	sll	(0x02, sp)
      000AB9 4A               [ 1] 3391 	dec	a
      000ABA 26 FB            [ 1] 3392 	jrne	00103$
      000ABC                       3393 00104$:
      000ABC 84               [ 1] 3394 	pop	a
      000ABD 1A 01            [ 1] 3395 	or	a, (0x01, sp)
      000ABF C7 52 57         [ 1] 3396 	ld	0x5257, a
                                   3397 ;	.\../STM8S103F3_Drivers/timer.h: 1031: }
      000AC2 84               [ 1] 3398 	pop	a
      000AC3 81               [ 4] 3399 	ret
                                   3400 ;	.\../STM8S103F3_Drivers/timer.h: 1040: static inline void tim1_capture_compare_event_generate(TIM1_CAPTURE_COMPARE_EVENT cc_event) {
                                   3401 ;	-----------------------------------------
                                   3402 ;	 function tim1_capture_compare_event_generate
                                   3403 ;	-----------------------------------------
      000AC4                       3404 _tim1_capture_compare_event_generate:
      000AC4 88               [ 1] 3405 	push	a
      000AC5 97               [ 1] 3406 	ld	xl, a
                                   3407 ;	.\../STM8S103F3_Drivers/timer.h: 1041: TIM1->EGR |= (1U << cc_event);
      000AC6 C6 52 57         [ 1] 3408 	ld	a, 0x5257
      000AC9 88               [ 1] 3409 	push	a
      000ACA A6 01            [ 1] 3410 	ld	a, #0x01
      000ACC 6B 02            [ 1] 3411 	ld	(0x02, sp), a
      000ACE 9F               [ 1] 3412 	ld	a, xl
      000ACF 4D               [ 1] 3413 	tnz	a
      000AD0 27 05            [ 1] 3414 	jreq	00104$
      000AD2                       3415 00103$:
      000AD2 08 02            [ 1] 3416 	sll	(0x02, sp)
      000AD4 4A               [ 1] 3417 	dec	a
      000AD5 26 FB            [ 1] 3418 	jrne	00103$
      000AD7                       3419 00104$:
      000AD7 84               [ 1] 3420 	pop	a
      000AD8 1A 01            [ 1] 3421 	or	a, (0x01, sp)
      000ADA C7 52 57         [ 1] 3422 	ld	0x5257, a
                                   3423 ;	.\../STM8S103F3_Drivers/timer.h: 1042: }
      000ADD 84               [ 1] 3424 	pop	a
      000ADE 81               [ 4] 3425 	ret
                                   3426 ;	.\../STM8S103F3_Drivers/timer.h: 1056: static inline void tim1_capture_compare1_channel_mode_set(TIM1_CC1_CHANNEL_MODE mode) {
                                   3427 ;	-----------------------------------------
                                   3428 ;	 function tim1_capture_compare1_channel_mode_set
                                   3429 ;	-----------------------------------------
      000ADF                       3430 _tim1_capture_compare1_channel_mode_set:
      000ADF 88               [ 1] 3431 	push	a
      000AE0 6B 01            [ 1] 3432 	ld	(0x01, sp), a
                                   3433 ;	.\../STM8S103F3_Drivers/timer.h: 1057: TIM1->CCMR1 = (TIM1->CCMR1 & TIM1_CC1_CHANNEL_MODE_CLR_MASK) | mode;
      000AE2 C6 52 58         [ 1] 3434 	ld	a, 0x5258
      000AE5 A4 FC            [ 1] 3435 	and	a, #0xfc
      000AE7 1A 01            [ 1] 3436 	or	a, (0x01, sp)
      000AE9 C7 52 58         [ 1] 3437 	ld	0x5258, a
                                   3438 ;	.\../STM8S103F3_Drivers/timer.h: 1058: }
      000AEC 84               [ 1] 3439 	pop	a
      000AED 81               [ 4] 3440 	ret
                                   3441 ;	.\../STM8S103F3_Drivers/timer.h: 1060: static inline TIM1_CC1_CHANNEL_MODE tim1_capture_compare1_channel_mode_read(void) {
                                   3442 ;	-----------------------------------------
                                   3443 ;	 function tim1_capture_compare1_channel_mode_read
                                   3444 ;	-----------------------------------------
      000AEE                       3445 _tim1_capture_compare1_channel_mode_read:
                                   3446 ;	.\../STM8S103F3_Drivers/timer.h: 1061: return (TIM1_CC1_CHANNEL_MODE)(TIM1->CCMR1 & 0x03);
      000AEE C6 52 58         [ 1] 3447 	ld	a, 0x5258
      000AF1 A4 03            [ 1] 3448 	and	a, #0x03
                                   3449 ;	.\../STM8S103F3_Drivers/timer.h: 1062: }
      000AF3 81               [ 4] 3450 	ret
                                   3451 ;	.\../STM8S103F3_Drivers/timer.h: 1065: static inline void tim1_capture_compare1_fast_enable(void) {
                                   3452 ;	-----------------------------------------
                                   3453 ;	 function tim1_capture_compare1_fast_enable
                                   3454 ;	-----------------------------------------
      000AF4                       3455 _tim1_capture_compare1_fast_enable:
                                   3456 ;	.\../STM8S103F3_Drivers/timer.h: 1066: TIM1->CCMR1 |= (1U << 2);
      000AF4 72 14 52 58      [ 1] 3457 	bset	0x5258, #2
                                   3458 ;	.\../STM8S103F3_Drivers/timer.h: 1067: }
      000AF8 81               [ 4] 3459 	ret
                                   3460 ;	.\../STM8S103F3_Drivers/timer.h: 1069: static inline void tim1_capture_compare1_fast_disable(void) {
                                   3461 ;	-----------------------------------------
                                   3462 ;	 function tim1_capture_compare1_fast_disable
                                   3463 ;	-----------------------------------------
      000AF9                       3464 _tim1_capture_compare1_fast_disable:
                                   3465 ;	.\../STM8S103F3_Drivers/timer.h: 1070: TIM1->CCMR1 &= ~(1U << 2);
      000AF9 72 15 52 58      [ 1] 3466 	bres	0x5258, #2
                                   3467 ;	.\../STM8S103F3_Drivers/timer.h: 1071: }
      000AFD 81               [ 4] 3468 	ret
                                   3469 ;	.\../STM8S103F3_Drivers/timer.h: 1073: static inline void tim1_capture_compare1_preload_enable(void) {
                                   3470 ;	-----------------------------------------
                                   3471 ;	 function tim1_capture_compare1_preload_enable
                                   3472 ;	-----------------------------------------
      000AFE                       3473 _tim1_capture_compare1_preload_enable:
                                   3474 ;	.\../STM8S103F3_Drivers/timer.h: 1074: TIM1->CCMR1 |= (1U << 3);
      000AFE 72 16 52 58      [ 1] 3475 	bset	0x5258, #3
                                   3476 ;	.\../STM8S103F3_Drivers/timer.h: 1075: }
      000B02 81               [ 4] 3477 	ret
                                   3478 ;	.\../STM8S103F3_Drivers/timer.h: 1077: static inline void tim1_capture_compare1_preload_disable(void) {
                                   3479 ;	-----------------------------------------
                                   3480 ;	 function tim1_capture_compare1_preload_disable
                                   3481 ;	-----------------------------------------
      000B03                       3482 _tim1_capture_compare1_preload_disable:
                                   3483 ;	.\../STM8S103F3_Drivers/timer.h: 1078: TIM1->CCMR1 &= ~(1U << 3);
      000B03 72 17 52 58      [ 1] 3484 	bres	0x5258, #3
                                   3485 ;	.\../STM8S103F3_Drivers/timer.h: 1079: }
      000B07 81               [ 4] 3486 	ret
                                   3487 ;	.\../STM8S103F3_Drivers/timer.h: 1092: static inline void tim1_output_compare1_mode_set(TIM1_OUTPUT_COMPARE_MODE mode) {
                                   3488 ;	-----------------------------------------
                                   3489 ;	 function tim1_output_compare1_mode_set
                                   3490 ;	-----------------------------------------
      000B08                       3491 _tim1_output_compare1_mode_set:
      000B08 88               [ 1] 3492 	push	a
      000B09 97               [ 1] 3493 	ld	xl, a
                                   3494 ;	.\../STM8S103F3_Drivers/timer.h: 1093: TIM1->CCMR1 = (TIM1->CCMR1 & 0x8F) | ((uint8_t)mode << 4);
      000B0A C6 52 58         [ 1] 3495 	ld	a, 0x5258
      000B0D A4 8F            [ 1] 3496 	and	a, #0x8f
      000B0F 6B 01            [ 1] 3497 	ld	(0x01, sp), a
      000B11 9F               [ 1] 3498 	ld	a, xl
      000B12 4E               [ 1] 3499 	swap	a
      000B13 A4 F0            [ 1] 3500 	and	a, #0xf0
      000B15 1A 01            [ 1] 3501 	or	a, (0x01, sp)
      000B17 C7 52 58         [ 1] 3502 	ld	0x5258, a
                                   3503 ;	.\../STM8S103F3_Drivers/timer.h: 1094: }
      000B1A 84               [ 1] 3504 	pop	a
      000B1B 81               [ 4] 3505 	ret
                                   3506 ;	.\../STM8S103F3_Drivers/timer.h: 1096: static inline TIM1_OUTPUT_COMPARE_MODE tim1_output_compare1_mode_read(void) {
                                   3507 ;	-----------------------------------------
                                   3508 ;	 function tim1_output_compare1_mode_read
                                   3509 ;	-----------------------------------------
      000B1C                       3510 _tim1_output_compare1_mode_read:
                                   3511 ;	.\../STM8S103F3_Drivers/timer.h: 1097: return (TIM1_OUTPUT_COMPARE_MODE)((TIM1->CCMR1 >> 4) & 0x07);
      000B1C C6 52 58         [ 1] 3512 	ld	a, 0x5258
      000B1F 4E               [ 1] 3513 	swap	a
      000B20 A4 07            [ 1] 3514 	and	a, #7
                                   3515 ;	.\../STM8S103F3_Drivers/timer.h: 1098: }
      000B22 81               [ 4] 3516 	ret
                                   3517 ;	.\../STM8S103F3_Drivers/timer.h: 1100: static inline void tim1_output_compare1_clear_enable(void) {
                                   3518 ;	-----------------------------------------
                                   3519 ;	 function tim1_output_compare1_clear_enable
                                   3520 ;	-----------------------------------------
      000B23                       3521 _tim1_output_compare1_clear_enable:
                                   3522 ;	.\../STM8S103F3_Drivers/timer.h: 1101: TIM1->CCMR1 |= (1U << 7);
      000B23 72 1E 52 58      [ 1] 3523 	bset	0x5258, #7
                                   3524 ;	.\../STM8S103F3_Drivers/timer.h: 1102: }
      000B27 81               [ 4] 3525 	ret
                                   3526 ;	.\../STM8S103F3_Drivers/timer.h: 1104: static inline void tim1_output_compare1_clear_disable(void) {
                                   3527 ;	-----------------------------------------
                                   3528 ;	 function tim1_output_compare1_clear_disable
                                   3529 ;	-----------------------------------------
      000B28                       3530 _tim1_output_compare1_clear_disable:
                                   3531 ;	.\../STM8S103F3_Drivers/timer.h: 1105: TIM1->CCMR1 &= ~(1U << 7);
      000B28 72 1F 52 58      [ 1] 3532 	bres	0x5258, #7
                                   3533 ;	.\../STM8S103F3_Drivers/timer.h: 1106: }
      000B2C 81               [ 4] 3534 	ret
                                   3535 ;	.\../STM8S103F3_Drivers/timer.h: 1116: static inline void tim1_input_capture1_prescaler_set(TIM1_INPUT_CAPTURE_PRESCALER psc) {
                                   3536 ;	-----------------------------------------
                                   3537 ;	 function tim1_input_capture1_prescaler_set
                                   3538 ;	-----------------------------------------
      000B2D                       3539 _tim1_input_capture1_prescaler_set:
      000B2D 97               [ 1] 3540 	ld	xl, a
                                   3541 ;	.\../STM8S103F3_Drivers/timer.h: 1117: TIM1->CCMR1 = (TIM1->CCMR1 & 0xF3) | ((uint8_t)psc << 2);
      000B2E C6 52 58         [ 1] 3542 	ld	a, 0x5258
      000B31 A4 F3            [ 1] 3543 	and	a, #0xf3
      000B33 58               [ 2] 3544 	sllw	x
      000B34 58               [ 2] 3545 	sllw	x
      000B35 89               [ 2] 3546 	pushw	x
      000B36 1A 02            [ 1] 3547 	or	a, (2, sp)
      000B38 85               [ 2] 3548 	popw	x
      000B39 C7 52 58         [ 1] 3549 	ld	0x5258, a
                                   3550 ;	.\../STM8S103F3_Drivers/timer.h: 1118: }
      000B3C 81               [ 4] 3551 	ret
                                   3552 ;	.\../STM8S103F3_Drivers/timer.h: 1120: static inline TIM1_INPUT_CAPTURE_PRESCALER tim1_input_capture1_prescaler_read(void) {
                                   3553 ;	-----------------------------------------
                                   3554 ;	 function tim1_input_capture1_prescaler_read
                                   3555 ;	-----------------------------------------
      000B3D                       3556 _tim1_input_capture1_prescaler_read:
                                   3557 ;	.\../STM8S103F3_Drivers/timer.h: 1121: return (TIM1_INPUT_CAPTURE_PRESCALER)((TIM1->CCMR1 >> 2) & 0x03);
      000B3D C6 52 58         [ 1] 3558 	ld	a, 0x5258
      000B40 44               [ 1] 3559 	srl	a
      000B41 44               [ 1] 3560 	srl	a
      000B42 A4 03            [ 1] 3561 	and	a, #0x03
                                   3562 ;	.\../STM8S103F3_Drivers/timer.h: 1122: }
      000B44 81               [ 4] 3563 	ret
                                   3564 ;	.\../STM8S103F3_Drivers/timer.h: 1149: static inline void tim1_input_capture1_filter_set(TIM1_INPUT_CAPTURE_FILTER filter) {
                                   3565 ;	-----------------------------------------
                                   3566 ;	 function tim1_input_capture1_filter_set
                                   3567 ;	-----------------------------------------
      000B45                       3568 _tim1_input_capture1_filter_set:
      000B45 88               [ 1] 3569 	push	a
      000B46 97               [ 1] 3570 	ld	xl, a
                                   3571 ;	.\../STM8S103F3_Drivers/timer.h: 1150: TIM1->CCMR1 = (TIM1->CCMR1 & 0x0F) | ((uint8_t)filter << 4);
      000B47 C6 52 58         [ 1] 3572 	ld	a, 0x5258
      000B4A A4 0F            [ 1] 3573 	and	a, #0x0f
      000B4C 6B 01            [ 1] 3574 	ld	(0x01, sp), a
      000B4E 9F               [ 1] 3575 	ld	a, xl
      000B4F 4E               [ 1] 3576 	swap	a
      000B50 A4 F0            [ 1] 3577 	and	a, #0xf0
      000B52 1A 01            [ 1] 3578 	or	a, (0x01, sp)
      000B54 C7 52 58         [ 1] 3579 	ld	0x5258, a
                                   3580 ;	.\../STM8S103F3_Drivers/timer.h: 1151: }
      000B57 84               [ 1] 3581 	pop	a
      000B58 81               [ 4] 3582 	ret
                                   3583 ;	.\../STM8S103F3_Drivers/timer.h: 1153: static inline TIM1_INPUT_CAPTURE_FILTER tim1_input_capture1_filter_read(void) {
                                   3584 ;	-----------------------------------------
                                   3585 ;	 function tim1_input_capture1_filter_read
                                   3586 ;	-----------------------------------------
      000B59                       3587 _tim1_input_capture1_filter_read:
                                   3588 ;	.\../STM8S103F3_Drivers/timer.h: 1154: return (TIM1_INPUT_CAPTURE_FILTER)((TIM1->CCMR1 >> 4) & 0x0F);
      000B59 C6 52 58         [ 1] 3589 	ld	a, 0x5258
      000B5C 4E               [ 1] 3590 	swap	a
      000B5D A4 0F            [ 1] 3591 	and	a, #15
                                   3592 ;	.\../STM8S103F3_Drivers/timer.h: 1155: }
      000B5F 81               [ 4] 3593 	ret
                                   3594 ;	.\../STM8S103F3_Drivers/timer.h: 1168: static inline void tim1_capture_compare2_channel_mode_set(TIM1_CC2_CHANNEL_MODE mode) {
                                   3595 ;	-----------------------------------------
                                   3596 ;	 function tim1_capture_compare2_channel_mode_set
                                   3597 ;	-----------------------------------------
      000B60                       3598 _tim1_capture_compare2_channel_mode_set:
      000B60 88               [ 1] 3599 	push	a
      000B61 6B 01            [ 1] 3600 	ld	(0x01, sp), a
                                   3601 ;	.\../STM8S103F3_Drivers/timer.h: 1169: TIM1->CCMR2 = (TIM1->CCMR2 & TIM1_CC2_CHANNEL_MODE_CLR_MASK) | mode;
      000B63 C6 52 59         [ 1] 3602 	ld	a, 0x5259
      000B66 A4 FC            [ 1] 3603 	and	a, #0xfc
      000B68 1A 01            [ 1] 3604 	or	a, (0x01, sp)
      000B6A C7 52 59         [ 1] 3605 	ld	0x5259, a
                                   3606 ;	.\../STM8S103F3_Drivers/timer.h: 1170: }
      000B6D 84               [ 1] 3607 	pop	a
      000B6E 81               [ 4] 3608 	ret
                                   3609 ;	.\../STM8S103F3_Drivers/timer.h: 1172: static inline TIM1_CC2_CHANNEL_MODE tim1_capture_compare2_channel_mode_read(void) {
                                   3610 ;	-----------------------------------------
                                   3611 ;	 function tim1_capture_compare2_channel_mode_read
                                   3612 ;	-----------------------------------------
      000B6F                       3613 _tim1_capture_compare2_channel_mode_read:
                                   3614 ;	.\../STM8S103F3_Drivers/timer.h: 1173: return (TIM1_CC2_CHANNEL_MODE)(TIM1->CCMR2 & 0x03);
      000B6F C6 52 59         [ 1] 3615 	ld	a, 0x5259
      000B72 A4 03            [ 1] 3616 	and	a, #0x03
                                   3617 ;	.\../STM8S103F3_Drivers/timer.h: 1174: }
      000B74 81               [ 4] 3618 	ret
                                   3619 ;	.\../STM8S103F3_Drivers/timer.h: 1177: static inline void tim1_capture_compare2_fast_enable(void) {
                                   3620 ;	-----------------------------------------
                                   3621 ;	 function tim1_capture_compare2_fast_enable
                                   3622 ;	-----------------------------------------
      000B75                       3623 _tim1_capture_compare2_fast_enable:
                                   3624 ;	.\../STM8S103F3_Drivers/timer.h: 1178: TIM1->CCMR2 |= (1U << 2);
      000B75 72 14 52 59      [ 1] 3625 	bset	0x5259, #2
                                   3626 ;	.\../STM8S103F3_Drivers/timer.h: 1179: }
      000B79 81               [ 4] 3627 	ret
                                   3628 ;	.\../STM8S103F3_Drivers/timer.h: 1181: static inline void tim1_capture_compare2_fast_disable(void) {
                                   3629 ;	-----------------------------------------
                                   3630 ;	 function tim1_capture_compare2_fast_disable
                                   3631 ;	-----------------------------------------
      000B7A                       3632 _tim1_capture_compare2_fast_disable:
                                   3633 ;	.\../STM8S103F3_Drivers/timer.h: 1182: TIM1->CCMR2 &= ~(1U << 2);
      000B7A 72 15 52 59      [ 1] 3634 	bres	0x5259, #2
                                   3635 ;	.\../STM8S103F3_Drivers/timer.h: 1183: }
      000B7E 81               [ 4] 3636 	ret
                                   3637 ;	.\../STM8S103F3_Drivers/timer.h: 1185: static inline void tim1_capture_compare2_preload_enable(void) {
                                   3638 ;	-----------------------------------------
                                   3639 ;	 function tim1_capture_compare2_preload_enable
                                   3640 ;	-----------------------------------------
      000B7F                       3641 _tim1_capture_compare2_preload_enable:
                                   3642 ;	.\../STM8S103F3_Drivers/timer.h: 1186: TIM1->CCMR2 |= (1U << 3);
      000B7F 72 16 52 59      [ 1] 3643 	bset	0x5259, #3
                                   3644 ;	.\../STM8S103F3_Drivers/timer.h: 1187: }
      000B83 81               [ 4] 3645 	ret
                                   3646 ;	.\../STM8S103F3_Drivers/timer.h: 1189: static inline void tim1_capture_compare2_preload_disable(void) {
                                   3647 ;	-----------------------------------------
                                   3648 ;	 function tim1_capture_compare2_preload_disable
                                   3649 ;	-----------------------------------------
      000B84                       3650 _tim1_capture_compare2_preload_disable:
                                   3651 ;	.\../STM8S103F3_Drivers/timer.h: 1190: TIM1->CCMR2 &= ~(1U << 3);
      000B84 72 17 52 59      [ 1] 3652 	bres	0x5259, #3
                                   3653 ;	.\../STM8S103F3_Drivers/timer.h: 1191: }
      000B88 81               [ 4] 3654 	ret
                                   3655 ;	.\../STM8S103F3_Drivers/timer.h: 1193: static inline void tim1_output_compare2_mode_set(TIM1_OUTPUT_COMPARE_MODE mode) {
                                   3656 ;	-----------------------------------------
                                   3657 ;	 function tim1_output_compare2_mode_set
                                   3658 ;	-----------------------------------------
      000B89                       3659 _tim1_output_compare2_mode_set:
      000B89 88               [ 1] 3660 	push	a
      000B8A 97               [ 1] 3661 	ld	xl, a
                                   3662 ;	.\../STM8S103F3_Drivers/timer.h: 1194: TIM1->CCMR2 = (TIM1->CCMR2 & 0x8F) | ((uint8_t)mode << 4);
      000B8B C6 52 59         [ 1] 3663 	ld	a, 0x5259
      000B8E A4 8F            [ 1] 3664 	and	a, #0x8f
      000B90 6B 01            [ 1] 3665 	ld	(0x01, sp), a
      000B92 9F               [ 1] 3666 	ld	a, xl
      000B93 4E               [ 1] 3667 	swap	a
      000B94 A4 F0            [ 1] 3668 	and	a, #0xf0
      000B96 1A 01            [ 1] 3669 	or	a, (0x01, sp)
      000B98 C7 52 59         [ 1] 3670 	ld	0x5259, a
                                   3671 ;	.\../STM8S103F3_Drivers/timer.h: 1195: }
      000B9B 84               [ 1] 3672 	pop	a
      000B9C 81               [ 4] 3673 	ret
                                   3674 ;	.\../STM8S103F3_Drivers/timer.h: 1197: static inline TIM1_OUTPUT_COMPARE_MODE tim1_output_compare2_mode_read(void) {
                                   3675 ;	-----------------------------------------
                                   3676 ;	 function tim1_output_compare2_mode_read
                                   3677 ;	-----------------------------------------
      000B9D                       3678 _tim1_output_compare2_mode_read:
                                   3679 ;	.\../STM8S103F3_Drivers/timer.h: 1198: return (TIM1_OUTPUT_COMPARE_MODE)((TIM1->CCMR2 >> 4) & 0x07);
      000B9D C6 52 59         [ 1] 3680 	ld	a, 0x5259
      000BA0 4E               [ 1] 3681 	swap	a
      000BA1 A4 07            [ 1] 3682 	and	a, #7
                                   3683 ;	.\../STM8S103F3_Drivers/timer.h: 1199: }
      000BA3 81               [ 4] 3684 	ret
                                   3685 ;	.\../STM8S103F3_Drivers/timer.h: 1201: static inline void tim1_output_compare2_clear_enable(void) {
                                   3686 ;	-----------------------------------------
                                   3687 ;	 function tim1_output_compare2_clear_enable
                                   3688 ;	-----------------------------------------
      000BA4                       3689 _tim1_output_compare2_clear_enable:
                                   3690 ;	.\../STM8S103F3_Drivers/timer.h: 1202: TIM1->CCMR2 |= (1U << 7);
      000BA4 72 1E 52 59      [ 1] 3691 	bset	0x5259, #7
                                   3692 ;	.\../STM8S103F3_Drivers/timer.h: 1203: }
      000BA8 81               [ 4] 3693 	ret
                                   3694 ;	.\../STM8S103F3_Drivers/timer.h: 1205: static inline void tim1_output_compare2_clear_disable(void) {
                                   3695 ;	-----------------------------------------
                                   3696 ;	 function tim1_output_compare2_clear_disable
                                   3697 ;	-----------------------------------------
      000BA9                       3698 _tim1_output_compare2_clear_disable:
                                   3699 ;	.\../STM8S103F3_Drivers/timer.h: 1206: TIM1->CCMR2 &= ~(1U << 7);
      000BA9 72 1F 52 59      [ 1] 3700 	bres	0x5259, #7
                                   3701 ;	.\../STM8S103F3_Drivers/timer.h: 1207: }
      000BAD 81               [ 4] 3702 	ret
                                   3703 ;	.\../STM8S103F3_Drivers/timer.h: 1210: static inline void tim1_input_capture2_prescaler_set(TIM1_INPUT_CAPTURE_PRESCALER psc) {
                                   3704 ;	-----------------------------------------
                                   3705 ;	 function tim1_input_capture2_prescaler_set
                                   3706 ;	-----------------------------------------
      000BAE                       3707 _tim1_input_capture2_prescaler_set:
      000BAE 97               [ 1] 3708 	ld	xl, a
                                   3709 ;	.\../STM8S103F3_Drivers/timer.h: 1211: TIM1->CCMR2 = (TIM1->CCMR2 & 0xF3) | ((uint8_t)psc << 2);
      000BAF C6 52 59         [ 1] 3710 	ld	a, 0x5259
      000BB2 A4 F3            [ 1] 3711 	and	a, #0xf3
      000BB4 58               [ 2] 3712 	sllw	x
      000BB5 58               [ 2] 3713 	sllw	x
      000BB6 89               [ 2] 3714 	pushw	x
      000BB7 1A 02            [ 1] 3715 	or	a, (2, sp)
      000BB9 85               [ 2] 3716 	popw	x
      000BBA C7 52 59         [ 1] 3717 	ld	0x5259, a
                                   3718 ;	.\../STM8S103F3_Drivers/timer.h: 1212: }
      000BBD 81               [ 4] 3719 	ret
                                   3720 ;	.\../STM8S103F3_Drivers/timer.h: 1214: static inline TIM1_INPUT_CAPTURE_PRESCALER tim1_input_capture2_prescaler_read(void) {
                                   3721 ;	-----------------------------------------
                                   3722 ;	 function tim1_input_capture2_prescaler_read
                                   3723 ;	-----------------------------------------
      000BBE                       3724 _tim1_input_capture2_prescaler_read:
                                   3725 ;	.\../STM8S103F3_Drivers/timer.h: 1215: return (TIM1_INPUT_CAPTURE_PRESCALER)((TIM1->CCMR2 >> 2) & 0x03);
      000BBE C6 52 59         [ 1] 3726 	ld	a, 0x5259
      000BC1 44               [ 1] 3727 	srl	a
      000BC2 44               [ 1] 3728 	srl	a
      000BC3 A4 03            [ 1] 3729 	and	a, #0x03
                                   3730 ;	.\../STM8S103F3_Drivers/timer.h: 1216: }
      000BC5 81               [ 4] 3731 	ret
                                   3732 ;	.\../STM8S103F3_Drivers/timer.h: 1218: static inline void tim1_input_capture2_filter_set(TIM1_INPUT_CAPTURE_FILTER filter) {
                                   3733 ;	-----------------------------------------
                                   3734 ;	 function tim1_input_capture2_filter_set
                                   3735 ;	-----------------------------------------
      000BC6                       3736 _tim1_input_capture2_filter_set:
      000BC6 88               [ 1] 3737 	push	a
      000BC7 97               [ 1] 3738 	ld	xl, a
                                   3739 ;	.\../STM8S103F3_Drivers/timer.h: 1219: TIM1->CCMR2 = (TIM1->CCMR2 & 0x0F) | ((uint8_t)filter << 4);
      000BC8 C6 52 59         [ 1] 3740 	ld	a, 0x5259
      000BCB A4 0F            [ 1] 3741 	and	a, #0x0f
      000BCD 6B 01            [ 1] 3742 	ld	(0x01, sp), a
      000BCF 9F               [ 1] 3743 	ld	a, xl
      000BD0 4E               [ 1] 3744 	swap	a
      000BD1 A4 F0            [ 1] 3745 	and	a, #0xf0
      000BD3 1A 01            [ 1] 3746 	or	a, (0x01, sp)
      000BD5 C7 52 59         [ 1] 3747 	ld	0x5259, a
                                   3748 ;	.\../STM8S103F3_Drivers/timer.h: 1220: }
      000BD8 84               [ 1] 3749 	pop	a
      000BD9 81               [ 4] 3750 	ret
                                   3751 ;	.\../STM8S103F3_Drivers/timer.h: 1222: static inline TIM1_INPUT_CAPTURE_FILTER tim1_input_capture2_filter_read(void) {
                                   3752 ;	-----------------------------------------
                                   3753 ;	 function tim1_input_capture2_filter_read
                                   3754 ;	-----------------------------------------
      000BDA                       3755 _tim1_input_capture2_filter_read:
                                   3756 ;	.\../STM8S103F3_Drivers/timer.h: 1223: return (TIM1_INPUT_CAPTURE_FILTER)((TIM1->CCMR2 >> 4) & 0x0F);
      000BDA C6 52 59         [ 1] 3757 	ld	a, 0x5259
      000BDD 4E               [ 1] 3758 	swap	a
      000BDE A4 0F            [ 1] 3759 	and	a, #15
                                   3760 ;	.\../STM8S103F3_Drivers/timer.h: 1224: }
      000BE0 81               [ 4] 3761 	ret
                                   3762 ;	.\../STM8S103F3_Drivers/timer.h: 1237: static inline void tim1_capture_compare3_channel_mode_set(TIM1_CC3_CHANNEL_MODE mode) {
                                   3763 ;	-----------------------------------------
                                   3764 ;	 function tim1_capture_compare3_channel_mode_set
                                   3765 ;	-----------------------------------------
      000BE1                       3766 _tim1_capture_compare3_channel_mode_set:
      000BE1 88               [ 1] 3767 	push	a
      000BE2 6B 01            [ 1] 3768 	ld	(0x01, sp), a
                                   3769 ;	.\../STM8S103F3_Drivers/timer.h: 1238: TIM1->CCMR3 = (TIM1->CCMR3 & TIM1_CC3_CHANNEL_MODE_CLR_MASK) | mode;
      000BE4 C6 52 5A         [ 1] 3770 	ld	a, 0x525a
      000BE7 A4 FC            [ 1] 3771 	and	a, #0xfc
      000BE9 1A 01            [ 1] 3772 	or	a, (0x01, sp)
      000BEB C7 52 5A         [ 1] 3773 	ld	0x525a, a
                                   3774 ;	.\../STM8S103F3_Drivers/timer.h: 1239: }
      000BEE 84               [ 1] 3775 	pop	a
      000BEF 81               [ 4] 3776 	ret
                                   3777 ;	.\../STM8S103F3_Drivers/timer.h: 1241: static inline TIM1_CC3_CHANNEL_MODE tim1_capture_compare3_channel_mode_read(void) {
                                   3778 ;	-----------------------------------------
                                   3779 ;	 function tim1_capture_compare3_channel_mode_read
                                   3780 ;	-----------------------------------------
      000BF0                       3781 _tim1_capture_compare3_channel_mode_read:
                                   3782 ;	.\../STM8S103F3_Drivers/timer.h: 1242: return (TIM1_CC3_CHANNEL_MODE)(TIM1->CCMR3 & 0x03);
      000BF0 C6 52 5A         [ 1] 3783 	ld	a, 0x525a
      000BF3 A4 03            [ 1] 3784 	and	a, #0x03
                                   3785 ;	.\../STM8S103F3_Drivers/timer.h: 1243: }
      000BF5 81               [ 4] 3786 	ret
                                   3787 ;	.\../STM8S103F3_Drivers/timer.h: 1246: static inline void tim1_capture_compare3_fast_enable(void) {
                                   3788 ;	-----------------------------------------
                                   3789 ;	 function tim1_capture_compare3_fast_enable
                                   3790 ;	-----------------------------------------
      000BF6                       3791 _tim1_capture_compare3_fast_enable:
                                   3792 ;	.\../STM8S103F3_Drivers/timer.h: 1247: TIM1->CCMR3 |= (1U << 2);
      000BF6 72 14 52 5A      [ 1] 3793 	bset	0x525a, #2
                                   3794 ;	.\../STM8S103F3_Drivers/timer.h: 1248: }
      000BFA 81               [ 4] 3795 	ret
                                   3796 ;	.\../STM8S103F3_Drivers/timer.h: 1250: static inline void tim1_capture_compare3_fast_disable(void) {
                                   3797 ;	-----------------------------------------
                                   3798 ;	 function tim1_capture_compare3_fast_disable
                                   3799 ;	-----------------------------------------
      000BFB                       3800 _tim1_capture_compare3_fast_disable:
                                   3801 ;	.\../STM8S103F3_Drivers/timer.h: 1251: TIM1->CCMR3 &= ~(1U << 2);
      000BFB 72 15 52 5A      [ 1] 3802 	bres	0x525a, #2
                                   3803 ;	.\../STM8S103F3_Drivers/timer.h: 1252: }
      000BFF 81               [ 4] 3804 	ret
                                   3805 ;	.\../STM8S103F3_Drivers/timer.h: 1254: static inline void tim1_capture_compare3_preload_enable(void) {
                                   3806 ;	-----------------------------------------
                                   3807 ;	 function tim1_capture_compare3_preload_enable
                                   3808 ;	-----------------------------------------
      000C00                       3809 _tim1_capture_compare3_preload_enable:
                                   3810 ;	.\../STM8S103F3_Drivers/timer.h: 1255: TIM1->CCMR3 |= (1U << 3);
      000C00 72 16 52 5A      [ 1] 3811 	bset	0x525a, #3
                                   3812 ;	.\../STM8S103F3_Drivers/timer.h: 1256: }
      000C04 81               [ 4] 3813 	ret
                                   3814 ;	.\../STM8S103F3_Drivers/timer.h: 1258: static inline void tim1_capture_compare3_preload_disable(void) {
                                   3815 ;	-----------------------------------------
                                   3816 ;	 function tim1_capture_compare3_preload_disable
                                   3817 ;	-----------------------------------------
      000C05                       3818 _tim1_capture_compare3_preload_disable:
                                   3819 ;	.\../STM8S103F3_Drivers/timer.h: 1259: TIM1->CCMR3 &= ~(1U << 3);
      000C05 72 17 52 5A      [ 1] 3820 	bres	0x525a, #3
                                   3821 ;	.\../STM8S103F3_Drivers/timer.h: 1260: }
      000C09 81               [ 4] 3822 	ret
                                   3823 ;	.\../STM8S103F3_Drivers/timer.h: 1262: static inline void tim1_output_compare3_mode_set(TIM1_OUTPUT_COMPARE_MODE mode) {
                                   3824 ;	-----------------------------------------
                                   3825 ;	 function tim1_output_compare3_mode_set
                                   3826 ;	-----------------------------------------
      000C0A                       3827 _tim1_output_compare3_mode_set:
      000C0A 88               [ 1] 3828 	push	a
      000C0B 97               [ 1] 3829 	ld	xl, a
                                   3830 ;	.\../STM8S103F3_Drivers/timer.h: 1263: TIM1->CCMR3 = (TIM1->CCMR3 & 0x8F) | ((uint8_t)mode << 4);
      000C0C C6 52 5A         [ 1] 3831 	ld	a, 0x525a
      000C0F A4 8F            [ 1] 3832 	and	a, #0x8f
      000C11 6B 01            [ 1] 3833 	ld	(0x01, sp), a
      000C13 9F               [ 1] 3834 	ld	a, xl
      000C14 4E               [ 1] 3835 	swap	a
      000C15 A4 F0            [ 1] 3836 	and	a, #0xf0
      000C17 1A 01            [ 1] 3837 	or	a, (0x01, sp)
      000C19 C7 52 5A         [ 1] 3838 	ld	0x525a, a
                                   3839 ;	.\../STM8S103F3_Drivers/timer.h: 1264: }
      000C1C 84               [ 1] 3840 	pop	a
      000C1D 81               [ 4] 3841 	ret
                                   3842 ;	.\../STM8S103F3_Drivers/timer.h: 1266: static inline TIM1_OUTPUT_COMPARE_MODE tim1_output_compare3_mode_read(void) {
                                   3843 ;	-----------------------------------------
                                   3844 ;	 function tim1_output_compare3_mode_read
                                   3845 ;	-----------------------------------------
      000C1E                       3846 _tim1_output_compare3_mode_read:
                                   3847 ;	.\../STM8S103F3_Drivers/timer.h: 1267: return (TIM1_OUTPUT_COMPARE_MODE)((TIM1->CCMR3 >> 4) & 0x07);
      000C1E C6 52 5A         [ 1] 3848 	ld	a, 0x525a
      000C21 4E               [ 1] 3849 	swap	a
      000C22 A4 07            [ 1] 3850 	and	a, #7
                                   3851 ;	.\../STM8S103F3_Drivers/timer.h: 1268: }
      000C24 81               [ 4] 3852 	ret
                                   3853 ;	.\../STM8S103F3_Drivers/timer.h: 1270: static inline void tim1_output_compare3_clear_enable(void) {
                                   3854 ;	-----------------------------------------
                                   3855 ;	 function tim1_output_compare3_clear_enable
                                   3856 ;	-----------------------------------------
      000C25                       3857 _tim1_output_compare3_clear_enable:
                                   3858 ;	.\../STM8S103F3_Drivers/timer.h: 1271: TIM1->CCMR3 |= (1U << 7);
      000C25 72 1E 52 5A      [ 1] 3859 	bset	0x525a, #7
                                   3860 ;	.\../STM8S103F3_Drivers/timer.h: 1272: }
      000C29 81               [ 4] 3861 	ret
                                   3862 ;	.\../STM8S103F3_Drivers/timer.h: 1274: static inline void tim1_output_compare3_clear_disable(void) {
                                   3863 ;	-----------------------------------------
                                   3864 ;	 function tim1_output_compare3_clear_disable
                                   3865 ;	-----------------------------------------
      000C2A                       3866 _tim1_output_compare3_clear_disable:
                                   3867 ;	.\../STM8S103F3_Drivers/timer.h: 1275: TIM1->CCMR3 &= ~(1U << 7);
      000C2A 72 1F 52 5A      [ 1] 3868 	bres	0x525a, #7
                                   3869 ;	.\../STM8S103F3_Drivers/timer.h: 1276: }
      000C2E 81               [ 4] 3870 	ret
                                   3871 ;	.\../STM8S103F3_Drivers/timer.h: 1279: static inline void tim1_input_capture3_prescaler_set(TIM1_INPUT_CAPTURE_PRESCALER psc) {
                                   3872 ;	-----------------------------------------
                                   3873 ;	 function tim1_input_capture3_prescaler_set
                                   3874 ;	-----------------------------------------
      000C2F                       3875 _tim1_input_capture3_prescaler_set:
      000C2F 97               [ 1] 3876 	ld	xl, a
                                   3877 ;	.\../STM8S103F3_Drivers/timer.h: 1280: TIM1->CCMR3 = (TIM1->CCMR3 & 0xF3) | ((uint8_t)psc << 2);
      000C30 C6 52 5A         [ 1] 3878 	ld	a, 0x525a
      000C33 A4 F3            [ 1] 3879 	and	a, #0xf3
      000C35 58               [ 2] 3880 	sllw	x
      000C36 58               [ 2] 3881 	sllw	x
      000C37 89               [ 2] 3882 	pushw	x
      000C38 1A 02            [ 1] 3883 	or	a, (2, sp)
      000C3A 85               [ 2] 3884 	popw	x
      000C3B C7 52 5A         [ 1] 3885 	ld	0x525a, a
                                   3886 ;	.\../STM8S103F3_Drivers/timer.h: 1281: }
      000C3E 81               [ 4] 3887 	ret
                                   3888 ;	.\../STM8S103F3_Drivers/timer.h: 1283: static inline TIM1_INPUT_CAPTURE_PRESCALER tim1_input_capture3_prescaler_read(void) {
                                   3889 ;	-----------------------------------------
                                   3890 ;	 function tim1_input_capture3_prescaler_read
                                   3891 ;	-----------------------------------------
      000C3F                       3892 _tim1_input_capture3_prescaler_read:
                                   3893 ;	.\../STM8S103F3_Drivers/timer.h: 1284: return (TIM1_INPUT_CAPTURE_PRESCALER)((TIM1->CCMR3 >> 2) & 0x03);
      000C3F C6 52 5A         [ 1] 3894 	ld	a, 0x525a
      000C42 44               [ 1] 3895 	srl	a
      000C43 44               [ 1] 3896 	srl	a
      000C44 A4 03            [ 1] 3897 	and	a, #0x03
                                   3898 ;	.\../STM8S103F3_Drivers/timer.h: 1285: }
      000C46 81               [ 4] 3899 	ret
                                   3900 ;	.\../STM8S103F3_Drivers/timer.h: 1287: static inline void tim1_input_capture3_filter_set(TIM1_INPUT_CAPTURE_FILTER filter) {
                                   3901 ;	-----------------------------------------
                                   3902 ;	 function tim1_input_capture3_filter_set
                                   3903 ;	-----------------------------------------
      000C47                       3904 _tim1_input_capture3_filter_set:
      000C47 88               [ 1] 3905 	push	a
      000C48 97               [ 1] 3906 	ld	xl, a
                                   3907 ;	.\../STM8S103F3_Drivers/timer.h: 1288: TIM1->CCMR3 = (TIM1->CCMR3 & 0x0F) | ((uint8_t)filter << 4);
      000C49 C6 52 5A         [ 1] 3908 	ld	a, 0x525a
      000C4C A4 0F            [ 1] 3909 	and	a, #0x0f
      000C4E 6B 01            [ 1] 3910 	ld	(0x01, sp), a
      000C50 9F               [ 1] 3911 	ld	a, xl
      000C51 4E               [ 1] 3912 	swap	a
      000C52 A4 F0            [ 1] 3913 	and	a, #0xf0
      000C54 1A 01            [ 1] 3914 	or	a, (0x01, sp)
      000C56 C7 52 5A         [ 1] 3915 	ld	0x525a, a
                                   3916 ;	.\../STM8S103F3_Drivers/timer.h: 1289: }
      000C59 84               [ 1] 3917 	pop	a
      000C5A 81               [ 4] 3918 	ret
                                   3919 ;	.\../STM8S103F3_Drivers/timer.h: 1291: static inline TIM1_INPUT_CAPTURE_FILTER tim1_input_capture3_filter_read(void) {
                                   3920 ;	-----------------------------------------
                                   3921 ;	 function tim1_input_capture3_filter_read
                                   3922 ;	-----------------------------------------
      000C5B                       3923 _tim1_input_capture3_filter_read:
                                   3924 ;	.\../STM8S103F3_Drivers/timer.h: 1292: return (TIM1_INPUT_CAPTURE_FILTER)((TIM1->CCMR3 >> 4) & 0x0F);
      000C5B C6 52 5A         [ 1] 3925 	ld	a, 0x525a
      000C5E 4E               [ 1] 3926 	swap	a
      000C5F A4 0F            [ 1] 3927 	and	a, #15
                                   3928 ;	.\../STM8S103F3_Drivers/timer.h: 1293: }
      000C61 81               [ 4] 3929 	ret
                                   3930 ;	.\../STM8S103F3_Drivers/timer.h: 1307: static inline void tim1_capture_compare4_channel_mode_set(TIM1_CC4_CHANNEL_MODE mode) {
                                   3931 ;	-----------------------------------------
                                   3932 ;	 function tim1_capture_compare4_channel_mode_set
                                   3933 ;	-----------------------------------------
      000C62                       3934 _tim1_capture_compare4_channel_mode_set:
      000C62 88               [ 1] 3935 	push	a
      000C63 6B 01            [ 1] 3936 	ld	(0x01, sp), a
                                   3937 ;	.\../STM8S103F3_Drivers/timer.h: 1308: TIM1->CCMR4 = (TIM1->CCMR4 & TIM1_CC4_CHANNEL_MODE_CLR_MASK) | mode;
      000C65 C6 52 5B         [ 1] 3938 	ld	a, 0x525b
      000C68 A4 FC            [ 1] 3939 	and	a, #0xfc
      000C6A 1A 01            [ 1] 3940 	or	a, (0x01, sp)
      000C6C C7 52 5B         [ 1] 3941 	ld	0x525b, a
                                   3942 ;	.\../STM8S103F3_Drivers/timer.h: 1309: }
      000C6F 84               [ 1] 3943 	pop	a
      000C70 81               [ 4] 3944 	ret
                                   3945 ;	.\../STM8S103F3_Drivers/timer.h: 1311: static inline TIM1_CC4_CHANNEL_MODE tim1_capture_compare4_channel_mode_read(void) {
                                   3946 ;	-----------------------------------------
                                   3947 ;	 function tim1_capture_compare4_channel_mode_read
                                   3948 ;	-----------------------------------------
      000C71                       3949 _tim1_capture_compare4_channel_mode_read:
                                   3950 ;	.\../STM8S103F3_Drivers/timer.h: 1312: return (TIM1_CC4_CHANNEL_MODE)(TIM1->CCMR4 & 0x03);
      000C71 C6 52 5B         [ 1] 3951 	ld	a, 0x525b
      000C74 A4 03            [ 1] 3952 	and	a, #0x03
                                   3953 ;	.\../STM8S103F3_Drivers/timer.h: 1313: }
      000C76 81               [ 4] 3954 	ret
                                   3955 ;	.\../STM8S103F3_Drivers/timer.h: 1316: static inline void tim1_capture_compare4_fast_enable(void) {
                                   3956 ;	-----------------------------------------
                                   3957 ;	 function tim1_capture_compare4_fast_enable
                                   3958 ;	-----------------------------------------
      000C77                       3959 _tim1_capture_compare4_fast_enable:
                                   3960 ;	.\../STM8S103F3_Drivers/timer.h: 1317: TIM1->CCMR4 |= (1U << 2);
      000C77 72 14 52 5B      [ 1] 3961 	bset	0x525b, #2
                                   3962 ;	.\../STM8S103F3_Drivers/timer.h: 1318: }
      000C7B 81               [ 4] 3963 	ret
                                   3964 ;	.\../STM8S103F3_Drivers/timer.h: 1320: static inline void tim1_capture_compare4_fast_disable(void) {
                                   3965 ;	-----------------------------------------
                                   3966 ;	 function tim1_capture_compare4_fast_disable
                                   3967 ;	-----------------------------------------
      000C7C                       3968 _tim1_capture_compare4_fast_disable:
                                   3969 ;	.\../STM8S103F3_Drivers/timer.h: 1321: TIM1->CCMR4 &= ~(1U << 2);
      000C7C 72 15 52 5B      [ 1] 3970 	bres	0x525b, #2
                                   3971 ;	.\../STM8S103F3_Drivers/timer.h: 1322: }
      000C80 81               [ 4] 3972 	ret
                                   3973 ;	.\../STM8S103F3_Drivers/timer.h: 1324: static inline void tim1_capture_compare4_preload_enable(void) {
                                   3974 ;	-----------------------------------------
                                   3975 ;	 function tim1_capture_compare4_preload_enable
                                   3976 ;	-----------------------------------------
      000C81                       3977 _tim1_capture_compare4_preload_enable:
                                   3978 ;	.\../STM8S103F3_Drivers/timer.h: 1325: TIM1->CCMR4 |= (1U << 3);
      000C81 72 16 52 5B      [ 1] 3979 	bset	0x525b, #3
                                   3980 ;	.\../STM8S103F3_Drivers/timer.h: 1326: }
      000C85 81               [ 4] 3981 	ret
                                   3982 ;	.\../STM8S103F3_Drivers/timer.h: 1328: static inline void tim1_capture_compare4_preload_disable(void) {
                                   3983 ;	-----------------------------------------
                                   3984 ;	 function tim1_capture_compare4_preload_disable
                                   3985 ;	-----------------------------------------
      000C86                       3986 _tim1_capture_compare4_preload_disable:
                                   3987 ;	.\../STM8S103F3_Drivers/timer.h: 1329: TIM1->CCMR4 &= ~(1U << 3);
      000C86 72 17 52 5B      [ 1] 3988 	bres	0x525b, #3
                                   3989 ;	.\../STM8S103F3_Drivers/timer.h: 1330: }
      000C8A 81               [ 4] 3990 	ret
                                   3991 ;	.\../STM8S103F3_Drivers/timer.h: 1332: static inline void tim1_output_compare4_mode_set(TIM1_OUTPUT_COMPARE_MODE mode) {
                                   3992 ;	-----------------------------------------
                                   3993 ;	 function tim1_output_compare4_mode_set
                                   3994 ;	-----------------------------------------
      000C8B                       3995 _tim1_output_compare4_mode_set:
      000C8B 88               [ 1] 3996 	push	a
      000C8C 97               [ 1] 3997 	ld	xl, a
                                   3998 ;	.\../STM8S103F3_Drivers/timer.h: 1333: TIM1->CCMR4 = (TIM1->CCMR4 & 0x8F) | ((uint8_t)mode << 4);
      000C8D C6 52 5B         [ 1] 3999 	ld	a, 0x525b
      000C90 A4 8F            [ 1] 4000 	and	a, #0x8f
      000C92 6B 01            [ 1] 4001 	ld	(0x01, sp), a
      000C94 9F               [ 1] 4002 	ld	a, xl
      000C95 4E               [ 1] 4003 	swap	a
      000C96 A4 F0            [ 1] 4004 	and	a, #0xf0
      000C98 1A 01            [ 1] 4005 	or	a, (0x01, sp)
      000C9A C7 52 5B         [ 1] 4006 	ld	0x525b, a
                                   4007 ;	.\../STM8S103F3_Drivers/timer.h: 1334: }
      000C9D 84               [ 1] 4008 	pop	a
      000C9E 81               [ 4] 4009 	ret
                                   4010 ;	.\../STM8S103F3_Drivers/timer.h: 1336: static inline TIM1_OUTPUT_COMPARE_MODE tim1_output_compare4_mode_read(void) {
                                   4011 ;	-----------------------------------------
                                   4012 ;	 function tim1_output_compare4_mode_read
                                   4013 ;	-----------------------------------------
      000C9F                       4014 _tim1_output_compare4_mode_read:
                                   4015 ;	.\../STM8S103F3_Drivers/timer.h: 1337: return (TIM1_OUTPUT_COMPARE_MODE)((TIM1->CCMR4 >> 4) & 0x07);
      000C9F C6 52 5B         [ 1] 4016 	ld	a, 0x525b
      000CA2 4E               [ 1] 4017 	swap	a
      000CA3 A4 07            [ 1] 4018 	and	a, #7
                                   4019 ;	.\../STM8S103F3_Drivers/timer.h: 1338: }
      000CA5 81               [ 4] 4020 	ret
                                   4021 ;	.\../STM8S103F3_Drivers/timer.h: 1340: static inline void tim1_output_compare4_clear_enable(void) {
                                   4022 ;	-----------------------------------------
                                   4023 ;	 function tim1_output_compare4_clear_enable
                                   4024 ;	-----------------------------------------
      000CA6                       4025 _tim1_output_compare4_clear_enable:
                                   4026 ;	.\../STM8S103F3_Drivers/timer.h: 1341: TIM1->CCMR4 |= (1U << 7);
      000CA6 72 1E 52 5B      [ 1] 4027 	bset	0x525b, #7
                                   4028 ;	.\../STM8S103F3_Drivers/timer.h: 1342: }
      000CAA 81               [ 4] 4029 	ret
                                   4030 ;	.\../STM8S103F3_Drivers/timer.h: 1344: static inline void tim1_output_compare4_clear_disable(void) {
                                   4031 ;	-----------------------------------------
                                   4032 ;	 function tim1_output_compare4_clear_disable
                                   4033 ;	-----------------------------------------
      000CAB                       4034 _tim1_output_compare4_clear_disable:
                                   4035 ;	.\../STM8S103F3_Drivers/timer.h: 1345: TIM1->CCMR4 &= ~(1U << 7);
      000CAB 72 1F 52 5B      [ 1] 4036 	bres	0x525b, #7
                                   4037 ;	.\../STM8S103F3_Drivers/timer.h: 1346: }
      000CAF 81               [ 4] 4038 	ret
                                   4039 ;	.\../STM8S103F3_Drivers/timer.h: 1349: static inline void tim1_input_capture4_prescaler_set(TIM1_INPUT_CAPTURE_PRESCALER psc) {
                                   4040 ;	-----------------------------------------
                                   4041 ;	 function tim1_input_capture4_prescaler_set
                                   4042 ;	-----------------------------------------
      000CB0                       4043 _tim1_input_capture4_prescaler_set:
      000CB0 97               [ 1] 4044 	ld	xl, a
                                   4045 ;	.\../STM8S103F3_Drivers/timer.h: 1350: TIM1->CCMR4 = (TIM1->CCMR4 & 0xF3) | ((uint8_t)psc << 2);
      000CB1 C6 52 5B         [ 1] 4046 	ld	a, 0x525b
      000CB4 A4 F3            [ 1] 4047 	and	a, #0xf3
      000CB6 58               [ 2] 4048 	sllw	x
      000CB7 58               [ 2] 4049 	sllw	x
      000CB8 89               [ 2] 4050 	pushw	x
      000CB9 1A 02            [ 1] 4051 	or	a, (2, sp)
      000CBB 85               [ 2] 4052 	popw	x
      000CBC C7 52 5B         [ 1] 4053 	ld	0x525b, a
                                   4054 ;	.\../STM8S103F3_Drivers/timer.h: 1351: }
      000CBF 81               [ 4] 4055 	ret
                                   4056 ;	.\../STM8S103F3_Drivers/timer.h: 1353: static inline TIM1_INPUT_CAPTURE_PRESCALER tim1_input_capture4_prescaler_read(void) {
                                   4057 ;	-----------------------------------------
                                   4058 ;	 function tim1_input_capture4_prescaler_read
                                   4059 ;	-----------------------------------------
      000CC0                       4060 _tim1_input_capture4_prescaler_read:
                                   4061 ;	.\../STM8S103F3_Drivers/timer.h: 1354: return (TIM1_INPUT_CAPTURE_PRESCALER)((TIM1->CCMR4 >> 2) & 0x03);
      000CC0 C6 52 5B         [ 1] 4062 	ld	a, 0x525b
      000CC3 44               [ 1] 4063 	srl	a
      000CC4 44               [ 1] 4064 	srl	a
      000CC5 A4 03            [ 1] 4065 	and	a, #0x03
                                   4066 ;	.\../STM8S103F3_Drivers/timer.h: 1355: }
      000CC7 81               [ 4] 4067 	ret
                                   4068 ;	.\../STM8S103F3_Drivers/timer.h: 1357: static inline void tim1_input_capture4_filter_set(TIM1_INPUT_CAPTURE_FILTER filter) {
                                   4069 ;	-----------------------------------------
                                   4070 ;	 function tim1_input_capture4_filter_set
                                   4071 ;	-----------------------------------------
      000CC8                       4072 _tim1_input_capture4_filter_set:
      000CC8 88               [ 1] 4073 	push	a
      000CC9 97               [ 1] 4074 	ld	xl, a
                                   4075 ;	.\../STM8S103F3_Drivers/timer.h: 1358: TIM1->CCMR4 = (TIM1->CCMR4 & 0x0F) | ((uint8_t)filter << 4);
      000CCA C6 52 5B         [ 1] 4076 	ld	a, 0x525b
      000CCD A4 0F            [ 1] 4077 	and	a, #0x0f
      000CCF 6B 01            [ 1] 4078 	ld	(0x01, sp), a
      000CD1 9F               [ 1] 4079 	ld	a, xl
      000CD2 4E               [ 1] 4080 	swap	a
      000CD3 A4 F0            [ 1] 4081 	and	a, #0xf0
      000CD5 1A 01            [ 1] 4082 	or	a, (0x01, sp)
      000CD7 C7 52 5B         [ 1] 4083 	ld	0x525b, a
                                   4084 ;	.\../STM8S103F3_Drivers/timer.h: 1359: }
      000CDA 84               [ 1] 4085 	pop	a
      000CDB 81               [ 4] 4086 	ret
                                   4087 ;	.\../STM8S103F3_Drivers/timer.h: 1361: static inline TIM1_INPUT_CAPTURE_FILTER tim1_input_capture4_filter_read(void) {
                                   4088 ;	-----------------------------------------
                                   4089 ;	 function tim1_input_capture4_filter_read
                                   4090 ;	-----------------------------------------
      000CDC                       4091 _tim1_input_capture4_filter_read:
                                   4092 ;	.\../STM8S103F3_Drivers/timer.h: 1362: return (TIM1_INPUT_CAPTURE_FILTER)((TIM1->CCMR4 >> 4) & 0x0F);
      000CDC C6 52 5B         [ 1] 4093 	ld	a, 0x525b
      000CDF 4E               [ 1] 4094 	swap	a
      000CE0 A4 0F            [ 1] 4095 	and	a, #15
                                   4096 ;	.\../STM8S103F3_Drivers/timer.h: 1363: }
      000CE2 81               [ 4] 4097 	ret
                                   4098 ;	.\../STM8S103F3_Drivers/timer.h: 1373: static inline void tim1_capture_compare_1_2_output_enable(TIM1_CAPTURE_COMPARE_1_2_OUTPUT_ENABLE cc_enable) {
                                   4099 ;	-----------------------------------------
                                   4100 ;	 function tim1_capture_compare_1_2_output_enable
                                   4101 ;	-----------------------------------------
      000CE3                       4102 _tim1_capture_compare_1_2_output_enable:
      000CE3 88               [ 1] 4103 	push	a
      000CE4 97               [ 1] 4104 	ld	xl, a
                                   4105 ;	.\../STM8S103F3_Drivers/timer.h: 1374: TIM1->CCER1 |= (1U << cc_enable);
      000CE5 C6 52 5C         [ 1] 4106 	ld	a, 0x525c
      000CE8 88               [ 1] 4107 	push	a
      000CE9 A6 01            [ 1] 4108 	ld	a, #0x01
      000CEB 6B 02            [ 1] 4109 	ld	(0x02, sp), a
      000CED 9F               [ 1] 4110 	ld	a, xl
      000CEE 4D               [ 1] 4111 	tnz	a
      000CEF 27 05            [ 1] 4112 	jreq	00104$
      000CF1                       4113 00103$:
      000CF1 08 02            [ 1] 4114 	sll	(0x02, sp)
      000CF3 4A               [ 1] 4115 	dec	a
      000CF4 26 FB            [ 1] 4116 	jrne	00103$
      000CF6                       4117 00104$:
      000CF6 84               [ 1] 4118 	pop	a
      000CF7 1A 01            [ 1] 4119 	or	a, (0x01, sp)
      000CF9 C7 52 5C         [ 1] 4120 	ld	0x525c, a
                                   4121 ;	.\../STM8S103F3_Drivers/timer.h: 1375: }
      000CFC 84               [ 1] 4122 	pop	a
      000CFD 81               [ 4] 4123 	ret
                                   4124 ;	.\../STM8S103F3_Drivers/timer.h: 1377: static inline void tim1_capture_compare_1_2_output_disable(TIM1_CAPTURE_COMPARE_1_2_OUTPUT_ENABLE cc_enable) {
                                   4125 ;	-----------------------------------------
                                   4126 ;	 function tim1_capture_compare_1_2_output_disable
                                   4127 ;	-----------------------------------------
      000CFE                       4128 _tim1_capture_compare_1_2_output_disable:
      000CFE 88               [ 1] 4129 	push	a
      000CFF 97               [ 1] 4130 	ld	xl, a
                                   4131 ;	.\../STM8S103F3_Drivers/timer.h: 1378: TIM1->CCER1 &= ~(1U << cc_enable);
      000D00 C6 52 5C         [ 1] 4132 	ld	a, 0x525c
      000D03 6B 01            [ 1] 4133 	ld	(0x01, sp), a
      000D05 A6 01            [ 1] 4134 	ld	a, #0x01
      000D07 88               [ 1] 4135 	push	a
      000D08 9F               [ 1] 4136 	ld	a, xl
      000D09 4D               [ 1] 4137 	tnz	a
      000D0A 27 05            [ 1] 4138 	jreq	00104$
      000D0C                       4139 00103$:
      000D0C 08 01            [ 1] 4140 	sll	(1, sp)
      000D0E 4A               [ 1] 4141 	dec	a
      000D0F 26 FB            [ 1] 4142 	jrne	00103$
      000D11                       4143 00104$:
      000D11 84               [ 1] 4144 	pop	a
      000D12 43               [ 1] 4145 	cpl	a
      000D13 14 01            [ 1] 4146 	and	a, (0x01, sp)
      000D15 C7 52 5C         [ 1] 4147 	ld	0x525c, a
                                   4148 ;	.\../STM8S103F3_Drivers/timer.h: 1379: }
      000D18 84               [ 1] 4149 	pop	a
      000D19 81               [ 4] 4150 	ret
                                   4151 ;	.\../STM8S103F3_Drivers/timer.h: 1381: static inline uint8_t tim1_capture_compare_1_2_output_is_enabled(TIM1_CAPTURE_COMPARE_1_2_OUTPUT_ENABLE cc_enable) {
                                   4152 ;	-----------------------------------------
                                   4153 ;	 function tim1_capture_compare_1_2_output_is_enabled
                                   4154 ;	-----------------------------------------
      000D1A                       4155 _tim1_capture_compare_1_2_output_is_enabled:
      000D1A 97               [ 1] 4156 	ld	xl, a
                                   4157 ;	.\../STM8S103F3_Drivers/timer.h: 1382: return ((TIM1->CCER1 >> cc_enable) & 1);
      000D1B C6 52 5C         [ 1] 4158 	ld	a, 0x525c
      000D1E 88               [ 1] 4159 	push	a
      000D1F 9F               [ 1] 4160 	ld	a, xl
      000D20 4D               [ 1] 4161 	tnz	a
      000D21 27 05            [ 1] 4162 	jreq	00104$
      000D23                       4163 00103$:
      000D23 04 01            [ 1] 4164 	srl	(1, sp)
      000D25 4A               [ 1] 4165 	dec	a
      000D26 26 FB            [ 1] 4166 	jrne	00103$
      000D28                       4167 00104$:
      000D28 84               [ 1] 4168 	pop	a
      000D29 A4 01            [ 1] 4169 	and	a, #0x01
                                   4170 ;	.\../STM8S103F3_Drivers/timer.h: 1383: }
      000D2B 81               [ 4] 4171 	ret
                                   4172 ;	.\../STM8S103F3_Drivers/timer.h: 1391: static inline void tim1_capture_compare_1_2_output_polarity_high(TIM1_CAPTURE_COMPARE_1_2_OUTPUT_POLARITY polarity) {
                                   4173 ;	-----------------------------------------
                                   4174 ;	 function tim1_capture_compare_1_2_output_polarity_high
                                   4175 ;	-----------------------------------------
      000D2C                       4176 _tim1_capture_compare_1_2_output_polarity_high:
      000D2C 88               [ 1] 4177 	push	a
      000D2D 97               [ 1] 4178 	ld	xl, a
                                   4179 ;	.\../STM8S103F3_Drivers/timer.h: 1392: TIM1->CCER1 &= ~(1U << polarity);
      000D2E C6 52 5C         [ 1] 4180 	ld	a, 0x525c
      000D31 6B 01            [ 1] 4181 	ld	(0x01, sp), a
      000D33 A6 01            [ 1] 4182 	ld	a, #0x01
      000D35 88               [ 1] 4183 	push	a
      000D36 9F               [ 1] 4184 	ld	a, xl
      000D37 4D               [ 1] 4185 	tnz	a
      000D38 27 05            [ 1] 4186 	jreq	00104$
      000D3A                       4187 00103$:
      000D3A 08 01            [ 1] 4188 	sll	(1, sp)
      000D3C 4A               [ 1] 4189 	dec	a
      000D3D 26 FB            [ 1] 4190 	jrne	00103$
      000D3F                       4191 00104$:
      000D3F 84               [ 1] 4192 	pop	a
      000D40 43               [ 1] 4193 	cpl	a
      000D41 14 01            [ 1] 4194 	and	a, (0x01, sp)
      000D43 C7 52 5C         [ 1] 4195 	ld	0x525c, a
                                   4196 ;	.\../STM8S103F3_Drivers/timer.h: 1393: }
      000D46 84               [ 1] 4197 	pop	a
      000D47 81               [ 4] 4198 	ret
                                   4199 ;	.\../STM8S103F3_Drivers/timer.h: 1395: static inline void tim1_capture_compare_1_2_output_polarity_low(TIM1_CAPTURE_COMPARE_1_2_OUTPUT_POLARITY polarity) {
                                   4200 ;	-----------------------------------------
                                   4201 ;	 function tim1_capture_compare_1_2_output_polarity_low
                                   4202 ;	-----------------------------------------
      000D48                       4203 _tim1_capture_compare_1_2_output_polarity_low:
      000D48 88               [ 1] 4204 	push	a
      000D49 97               [ 1] 4205 	ld	xl, a
                                   4206 ;	.\../STM8S103F3_Drivers/timer.h: 1396: TIM1->CCER1 |= (1U << polarity);
      000D4A C6 52 5C         [ 1] 4207 	ld	a, 0x525c
      000D4D 88               [ 1] 4208 	push	a
      000D4E A6 01            [ 1] 4209 	ld	a, #0x01
      000D50 6B 02            [ 1] 4210 	ld	(0x02, sp), a
      000D52 9F               [ 1] 4211 	ld	a, xl
      000D53 4D               [ 1] 4212 	tnz	a
      000D54 27 05            [ 1] 4213 	jreq	00104$
      000D56                       4214 00103$:
      000D56 08 02            [ 1] 4215 	sll	(0x02, sp)
      000D58 4A               [ 1] 4216 	dec	a
      000D59 26 FB            [ 1] 4217 	jrne	00103$
      000D5B                       4218 00104$:
      000D5B 84               [ 1] 4219 	pop	a
      000D5C 1A 01            [ 1] 4220 	or	a, (0x01, sp)
      000D5E C7 52 5C         [ 1] 4221 	ld	0x525c, a
                                   4222 ;	.\../STM8S103F3_Drivers/timer.h: 1397: }
      000D61 84               [ 1] 4223 	pop	a
      000D62 81               [ 4] 4224 	ret
                                   4225 ;	.\../STM8S103F3_Drivers/timer.h: 1399: static inline uint8_t tim1_capture_compare_1_2_output_polarity_is_high(TIM1_CAPTURE_COMPARE_1_2_OUTPUT_POLARITY polarity) {
                                   4226 ;	-----------------------------------------
                                   4227 ;	 function tim1_capture_compare_1_2_output_polarity_is_high
                                   4228 ;	-----------------------------------------
      000D63                       4229 _tim1_capture_compare_1_2_output_polarity_is_high:
      000D63 97               [ 1] 4230 	ld	xl, a
                                   4231 ;	.\../STM8S103F3_Drivers/timer.h: 1400: return ((TIM1->CCER1 >> polarity) & 1) == 0;
      000D64 C6 52 5C         [ 1] 4232 	ld	a, 0x525c
      000D67 88               [ 1] 4233 	push	a
      000D68 9F               [ 1] 4234 	ld	a, xl
      000D69 4D               [ 1] 4235 	tnz	a
      000D6A 27 05            [ 1] 4236 	jreq	00104$
      000D6C                       4237 00103$:
      000D6C 04 01            [ 1] 4238 	srl	(1, sp)
      000D6E 4A               [ 1] 4239 	dec	a
      000D6F 26 FB            [ 1] 4240 	jrne	00103$
      000D71                       4241 00104$:
      000D71 84               [ 1] 4242 	pop	a
      000D72 A4 01            [ 1] 4243 	and	a, #0x01
      000D74 A0 00            [ 1] 4244 	sub	a, #0x00
      000D76 26 02            [ 1] 4245 	jrne	00106$
      000D78 4C               [ 1] 4246 	inc	a
      000D79 81               [ 4] 4247 	ret
      000D7A                       4248 00106$:
      000D7A 4F               [ 1] 4249 	clr	a
                                   4250 ;	.\../STM8S103F3_Drivers/timer.h: 1401: }
      000D7B 81               [ 4] 4251 	ret
                                   4252 ;	.\../STM8S103F3_Drivers/timer.h: 1409: static inline void tim1_capture_compare_1_2_complementary_output_enable(TIM1_CAPTURE_COMPARE_1_2_COMPLEMENTARY_OUTPUT_ENABLE cc_enable) {
                                   4253 ;	-----------------------------------------
                                   4254 ;	 function tim1_capture_compare_1_2_complementary_output_enable
                                   4255 ;	-----------------------------------------
      000D7C                       4256 _tim1_capture_compare_1_2_complementary_output_enable:
      000D7C 88               [ 1] 4257 	push	a
      000D7D 97               [ 1] 4258 	ld	xl, a
                                   4259 ;	.\../STM8S103F3_Drivers/timer.h: 1410: TIM1->CCER1 |= (1U << cc_enable);
      000D7E C6 52 5C         [ 1] 4260 	ld	a, 0x525c
      000D81 88               [ 1] 4261 	push	a
      000D82 A6 01            [ 1] 4262 	ld	a, #0x01
      000D84 6B 02            [ 1] 4263 	ld	(0x02, sp), a
      000D86 9F               [ 1] 4264 	ld	a, xl
      000D87 4D               [ 1] 4265 	tnz	a
      000D88 27 05            [ 1] 4266 	jreq	00104$
      000D8A                       4267 00103$:
      000D8A 08 02            [ 1] 4268 	sll	(0x02, sp)
      000D8C 4A               [ 1] 4269 	dec	a
      000D8D 26 FB            [ 1] 4270 	jrne	00103$
      000D8F                       4271 00104$:
      000D8F 84               [ 1] 4272 	pop	a
      000D90 1A 01            [ 1] 4273 	or	a, (0x01, sp)
      000D92 C7 52 5C         [ 1] 4274 	ld	0x525c, a
                                   4275 ;	.\../STM8S103F3_Drivers/timer.h: 1411: }
      000D95 84               [ 1] 4276 	pop	a
      000D96 81               [ 4] 4277 	ret
                                   4278 ;	.\../STM8S103F3_Drivers/timer.h: 1413: static inline void tim1_capture_compare_1_2_complementary_output_disable(TIM1_CAPTURE_COMPARE_1_2_COMPLEMENTARY_OUTPUT_ENABLE cc_enable) {
                                   4279 ;	-----------------------------------------
                                   4280 ;	 function tim1_capture_compare_1_2_complementary_output_disable
                                   4281 ;	-----------------------------------------
      000D97                       4282 _tim1_capture_compare_1_2_complementary_output_disable:
      000D97 88               [ 1] 4283 	push	a
      000D98 97               [ 1] 4284 	ld	xl, a
                                   4285 ;	.\../STM8S103F3_Drivers/timer.h: 1414: TIM1->CCER1 &= ~(1U << cc_enable);
      000D99 C6 52 5C         [ 1] 4286 	ld	a, 0x525c
      000D9C 6B 01            [ 1] 4287 	ld	(0x01, sp), a
      000D9E A6 01            [ 1] 4288 	ld	a, #0x01
      000DA0 88               [ 1] 4289 	push	a
      000DA1 9F               [ 1] 4290 	ld	a, xl
      000DA2 4D               [ 1] 4291 	tnz	a
      000DA3 27 05            [ 1] 4292 	jreq	00104$
      000DA5                       4293 00103$:
      000DA5 08 01            [ 1] 4294 	sll	(1, sp)
      000DA7 4A               [ 1] 4295 	dec	a
      000DA8 26 FB            [ 1] 4296 	jrne	00103$
      000DAA                       4297 00104$:
      000DAA 84               [ 1] 4298 	pop	a
      000DAB 43               [ 1] 4299 	cpl	a
      000DAC 14 01            [ 1] 4300 	and	a, (0x01, sp)
      000DAE C7 52 5C         [ 1] 4301 	ld	0x525c, a
                                   4302 ;	.\../STM8S103F3_Drivers/timer.h: 1415: }
      000DB1 84               [ 1] 4303 	pop	a
      000DB2 81               [ 4] 4304 	ret
                                   4305 ;	.\../STM8S103F3_Drivers/timer.h: 1417: static inline uint8_t tim1_capture_compare_1_2_complementary_output_is_enabled(TIM1_CAPTURE_COMPARE_1_2_COMPLEMENTARY_OUTPUT_ENABLE cc_enable) {
                                   4306 ;	-----------------------------------------
                                   4307 ;	 function tim1_capture_compare_1_2_complementary_output_is_enabled
                                   4308 ;	-----------------------------------------
      000DB3                       4309 _tim1_capture_compare_1_2_complementary_output_is_enabled:
      000DB3 97               [ 1] 4310 	ld	xl, a
                                   4311 ;	.\../STM8S103F3_Drivers/timer.h: 1418: return ((TIM1->CCER1 >> cc_enable) & 1);
      000DB4 C6 52 5C         [ 1] 4312 	ld	a, 0x525c
      000DB7 88               [ 1] 4313 	push	a
      000DB8 9F               [ 1] 4314 	ld	a, xl
      000DB9 4D               [ 1] 4315 	tnz	a
      000DBA 27 05            [ 1] 4316 	jreq	00104$
      000DBC                       4317 00103$:
      000DBC 04 01            [ 1] 4318 	srl	(1, sp)
      000DBE 4A               [ 1] 4319 	dec	a
      000DBF 26 FB            [ 1] 4320 	jrne	00103$
      000DC1                       4321 00104$:
      000DC1 84               [ 1] 4322 	pop	a
      000DC2 A4 01            [ 1] 4323 	and	a, #0x01
                                   4324 ;	.\../STM8S103F3_Drivers/timer.h: 1419: }
      000DC4 81               [ 4] 4325 	ret
                                   4326 ;	.\../STM8S103F3_Drivers/timer.h: 1427: static inline void tim1_capture_compare_1_2_complementary_output_polarity_high(TIM1_CAPTURE_COMPARE_1_2_COMPLEMENTARY_OUTPUT_POLARITY polarity) {
                                   4327 ;	-----------------------------------------
                                   4328 ;	 function tim1_capture_compare_1_2_complementary_output_polarity_high
                                   4329 ;	-----------------------------------------
      000DC5                       4330 _tim1_capture_compare_1_2_complementary_output_polarity_high:
      000DC5 88               [ 1] 4331 	push	a
      000DC6 97               [ 1] 4332 	ld	xl, a
                                   4333 ;	.\../STM8S103F3_Drivers/timer.h: 1428: TIM1->CCER1 &= ~(1U << polarity);
      000DC7 C6 52 5C         [ 1] 4334 	ld	a, 0x525c
      000DCA 6B 01            [ 1] 4335 	ld	(0x01, sp), a
      000DCC A6 01            [ 1] 4336 	ld	a, #0x01
      000DCE 88               [ 1] 4337 	push	a
      000DCF 9F               [ 1] 4338 	ld	a, xl
      000DD0 4D               [ 1] 4339 	tnz	a
      000DD1 27 05            [ 1] 4340 	jreq	00104$
      000DD3                       4341 00103$:
      000DD3 08 01            [ 1] 4342 	sll	(1, sp)
      000DD5 4A               [ 1] 4343 	dec	a
      000DD6 26 FB            [ 1] 4344 	jrne	00103$
      000DD8                       4345 00104$:
      000DD8 84               [ 1] 4346 	pop	a
      000DD9 43               [ 1] 4347 	cpl	a
      000DDA 14 01            [ 1] 4348 	and	a, (0x01, sp)
      000DDC C7 52 5C         [ 1] 4349 	ld	0x525c, a
                                   4350 ;	.\../STM8S103F3_Drivers/timer.h: 1429: }
      000DDF 84               [ 1] 4351 	pop	a
      000DE0 81               [ 4] 4352 	ret
                                   4353 ;	.\../STM8S103F3_Drivers/timer.h: 1431: static inline void tim1_capture_compare_1_2_complementary_output_polarity_low(TIM1_CAPTURE_COMPARE_1_2_COMPLEMENTARY_OUTPUT_POLARITY polarity) {
                                   4354 ;	-----------------------------------------
                                   4355 ;	 function tim1_capture_compare_1_2_complementary_output_polarity_low
                                   4356 ;	-----------------------------------------
      000DE1                       4357 _tim1_capture_compare_1_2_complementary_output_polarity_low:
      000DE1 88               [ 1] 4358 	push	a
      000DE2 97               [ 1] 4359 	ld	xl, a
                                   4360 ;	.\../STM8S103F3_Drivers/timer.h: 1432: TIM1->CCER1 |= (1U << polarity);
      000DE3 C6 52 5C         [ 1] 4361 	ld	a, 0x525c
      000DE6 88               [ 1] 4362 	push	a
      000DE7 A6 01            [ 1] 4363 	ld	a, #0x01
      000DE9 6B 02            [ 1] 4364 	ld	(0x02, sp), a
      000DEB 9F               [ 1] 4365 	ld	a, xl
      000DEC 4D               [ 1] 4366 	tnz	a
      000DED 27 05            [ 1] 4367 	jreq	00104$
      000DEF                       4368 00103$:
      000DEF 08 02            [ 1] 4369 	sll	(0x02, sp)
      000DF1 4A               [ 1] 4370 	dec	a
      000DF2 26 FB            [ 1] 4371 	jrne	00103$
      000DF4                       4372 00104$:
      000DF4 84               [ 1] 4373 	pop	a
      000DF5 1A 01            [ 1] 4374 	or	a, (0x01, sp)
      000DF7 C7 52 5C         [ 1] 4375 	ld	0x525c, a
                                   4376 ;	.\../STM8S103F3_Drivers/timer.h: 1433: }
      000DFA 84               [ 1] 4377 	pop	a
      000DFB 81               [ 4] 4378 	ret
                                   4379 ;	.\../STM8S103F3_Drivers/timer.h: 1435: static inline uint8_t tim1_capture_compare_1_2_complementary_output_polarity_is_high(TIM1_CAPTURE_COMPARE_1_2_COMPLEMENTARY_OUTPUT_POLARITY polarity) {
                                   4380 ;	-----------------------------------------
                                   4381 ;	 function tim1_capture_compare_1_2_complementary_output_polarity_is_high
                                   4382 ;	-----------------------------------------
      000DFC                       4383 _tim1_capture_compare_1_2_complementary_output_polarity_is_high:
      000DFC 97               [ 1] 4384 	ld	xl, a
                                   4385 ;	.\../STM8S103F3_Drivers/timer.h: 1436: return ((TIM1->CCER1 >> polarity) & 1) == 0;
      000DFD C6 52 5C         [ 1] 4386 	ld	a, 0x525c
      000E00 88               [ 1] 4387 	push	a
      000E01 9F               [ 1] 4388 	ld	a, xl
      000E02 4D               [ 1] 4389 	tnz	a
      000E03 27 05            [ 1] 4390 	jreq	00104$
      000E05                       4391 00103$:
      000E05 04 01            [ 1] 4392 	srl	(1, sp)
      000E07 4A               [ 1] 4393 	dec	a
      000E08 26 FB            [ 1] 4394 	jrne	00103$
      000E0A                       4395 00104$:
      000E0A 84               [ 1] 4396 	pop	a
      000E0B A4 01            [ 1] 4397 	and	a, #0x01
      000E0D A0 00            [ 1] 4398 	sub	a, #0x00
      000E0F 26 02            [ 1] 4399 	jrne	00106$
      000E11 4C               [ 1] 4400 	inc	a
      000E12 81               [ 4] 4401 	ret
      000E13                       4402 00106$:
      000E13 4F               [ 1] 4403 	clr	a
                                   4404 ;	.\../STM8S103F3_Drivers/timer.h: 1437: }
      000E14 81               [ 4] 4405 	ret
                                   4406 ;	.\../STM8S103F3_Drivers/timer.h: 1447: static inline void tim1_capture_compare_3_4_output_enable(TIM1_CAPTURE_COMPARE_3_4_OUTPUT_ENABLE cc_enable) {
                                   4407 ;	-----------------------------------------
                                   4408 ;	 function tim1_capture_compare_3_4_output_enable
                                   4409 ;	-----------------------------------------
      000E15                       4410 _tim1_capture_compare_3_4_output_enable:
      000E15 88               [ 1] 4411 	push	a
      000E16 97               [ 1] 4412 	ld	xl, a
                                   4413 ;	.\../STM8S103F3_Drivers/timer.h: 1448: TIM1->CCER2 |= (1U << cc_enable);
      000E17 C6 52 5D         [ 1] 4414 	ld	a, 0x525d
      000E1A 88               [ 1] 4415 	push	a
      000E1B A6 01            [ 1] 4416 	ld	a, #0x01
      000E1D 6B 02            [ 1] 4417 	ld	(0x02, sp), a
      000E1F 9F               [ 1] 4418 	ld	a, xl
      000E20 4D               [ 1] 4419 	tnz	a
      000E21 27 05            [ 1] 4420 	jreq	00104$
      000E23                       4421 00103$:
      000E23 08 02            [ 1] 4422 	sll	(0x02, sp)
      000E25 4A               [ 1] 4423 	dec	a
      000E26 26 FB            [ 1] 4424 	jrne	00103$
      000E28                       4425 00104$:
      000E28 84               [ 1] 4426 	pop	a
      000E29 1A 01            [ 1] 4427 	or	a, (0x01, sp)
      000E2B C7 52 5D         [ 1] 4428 	ld	0x525d, a
                                   4429 ;	.\../STM8S103F3_Drivers/timer.h: 1449: }
      000E2E 84               [ 1] 4430 	pop	a
      000E2F 81               [ 4] 4431 	ret
                                   4432 ;	.\../STM8S103F3_Drivers/timer.h: 1451: static inline void tim1_capture_compare_3_4_output_disable(TIM1_CAPTURE_COMPARE_3_4_OUTPUT_ENABLE cc_enable) {
                                   4433 ;	-----------------------------------------
                                   4434 ;	 function tim1_capture_compare_3_4_output_disable
                                   4435 ;	-----------------------------------------
      000E30                       4436 _tim1_capture_compare_3_4_output_disable:
      000E30 88               [ 1] 4437 	push	a
      000E31 97               [ 1] 4438 	ld	xl, a
                                   4439 ;	.\../STM8S103F3_Drivers/timer.h: 1452: TIM1->CCER2 &= ~(1U << cc_enable);
      000E32 C6 52 5D         [ 1] 4440 	ld	a, 0x525d
      000E35 6B 01            [ 1] 4441 	ld	(0x01, sp), a
      000E37 A6 01            [ 1] 4442 	ld	a, #0x01
      000E39 88               [ 1] 4443 	push	a
      000E3A 9F               [ 1] 4444 	ld	a, xl
      000E3B 4D               [ 1] 4445 	tnz	a
      000E3C 27 05            [ 1] 4446 	jreq	00104$
      000E3E                       4447 00103$:
      000E3E 08 01            [ 1] 4448 	sll	(1, sp)
      000E40 4A               [ 1] 4449 	dec	a
      000E41 26 FB            [ 1] 4450 	jrne	00103$
      000E43                       4451 00104$:
      000E43 84               [ 1] 4452 	pop	a
      000E44 43               [ 1] 4453 	cpl	a
      000E45 14 01            [ 1] 4454 	and	a, (0x01, sp)
      000E47 C7 52 5D         [ 1] 4455 	ld	0x525d, a
                                   4456 ;	.\../STM8S103F3_Drivers/timer.h: 1453: }
      000E4A 84               [ 1] 4457 	pop	a
      000E4B 81               [ 4] 4458 	ret
                                   4459 ;	.\../STM8S103F3_Drivers/timer.h: 1455: static inline uint8_t tim1_capture_compare_3_4_output_is_enabled(TIM1_CAPTURE_COMPARE_3_4_OUTPUT_ENABLE cc_enable) {
                                   4460 ;	-----------------------------------------
                                   4461 ;	 function tim1_capture_compare_3_4_output_is_enabled
                                   4462 ;	-----------------------------------------
      000E4C                       4463 _tim1_capture_compare_3_4_output_is_enabled:
      000E4C 97               [ 1] 4464 	ld	xl, a
                                   4465 ;	.\../STM8S103F3_Drivers/timer.h: 1456: return ((TIM1->CCER2 >> cc_enable) & 1);
      000E4D C6 52 5D         [ 1] 4466 	ld	a, 0x525d
      000E50 88               [ 1] 4467 	push	a
      000E51 9F               [ 1] 4468 	ld	a, xl
      000E52 4D               [ 1] 4469 	tnz	a
      000E53 27 05            [ 1] 4470 	jreq	00104$
      000E55                       4471 00103$:
      000E55 04 01            [ 1] 4472 	srl	(1, sp)
      000E57 4A               [ 1] 4473 	dec	a
      000E58 26 FB            [ 1] 4474 	jrne	00103$
      000E5A                       4475 00104$:
      000E5A 84               [ 1] 4476 	pop	a
      000E5B A4 01            [ 1] 4477 	and	a, #0x01
                                   4478 ;	.\../STM8S103F3_Drivers/timer.h: 1457: }
      000E5D 81               [ 4] 4479 	ret
                                   4480 ;	.\../STM8S103F3_Drivers/timer.h: 1464: static inline void tim1_capture_compare_3_4_output_polarity_high(TIM1_CAPTURE_COMPARE_3_4_OUTPUT_POLARITY polarity) {
                                   4481 ;	-----------------------------------------
                                   4482 ;	 function tim1_capture_compare_3_4_output_polarity_high
                                   4483 ;	-----------------------------------------
      000E5E                       4484 _tim1_capture_compare_3_4_output_polarity_high:
      000E5E 88               [ 1] 4485 	push	a
      000E5F 97               [ 1] 4486 	ld	xl, a
                                   4487 ;	.\../STM8S103F3_Drivers/timer.h: 1465: TIM1->CCER2 &= ~(1U << polarity);
      000E60 C6 52 5D         [ 1] 4488 	ld	a, 0x525d
      000E63 6B 01            [ 1] 4489 	ld	(0x01, sp), a
      000E65 A6 01            [ 1] 4490 	ld	a, #0x01
      000E67 88               [ 1] 4491 	push	a
      000E68 9F               [ 1] 4492 	ld	a, xl
      000E69 4D               [ 1] 4493 	tnz	a
      000E6A 27 05            [ 1] 4494 	jreq	00104$
      000E6C                       4495 00103$:
      000E6C 08 01            [ 1] 4496 	sll	(1, sp)
      000E6E 4A               [ 1] 4497 	dec	a
      000E6F 26 FB            [ 1] 4498 	jrne	00103$
      000E71                       4499 00104$:
      000E71 84               [ 1] 4500 	pop	a
      000E72 43               [ 1] 4501 	cpl	a
      000E73 14 01            [ 1] 4502 	and	a, (0x01, sp)
      000E75 C7 52 5D         [ 1] 4503 	ld	0x525d, a
                                   4504 ;	.\../STM8S103F3_Drivers/timer.h: 1466: }
      000E78 84               [ 1] 4505 	pop	a
      000E79 81               [ 4] 4506 	ret
                                   4507 ;	.\../STM8S103F3_Drivers/timer.h: 1468: static inline void tim1_capture_compare_3_4_output_polarity_low(TIM1_CAPTURE_COMPARE_3_4_OUTPUT_POLARITY polarity) {
                                   4508 ;	-----------------------------------------
                                   4509 ;	 function tim1_capture_compare_3_4_output_polarity_low
                                   4510 ;	-----------------------------------------
      000E7A                       4511 _tim1_capture_compare_3_4_output_polarity_low:
      000E7A 88               [ 1] 4512 	push	a
      000E7B 97               [ 1] 4513 	ld	xl, a
                                   4514 ;	.\../STM8S103F3_Drivers/timer.h: 1469: TIM1->CCER2 |= (1U << polarity);
      000E7C C6 52 5D         [ 1] 4515 	ld	a, 0x525d
      000E7F 88               [ 1] 4516 	push	a
      000E80 A6 01            [ 1] 4517 	ld	a, #0x01
      000E82 6B 02            [ 1] 4518 	ld	(0x02, sp), a
      000E84 9F               [ 1] 4519 	ld	a, xl
      000E85 4D               [ 1] 4520 	tnz	a
      000E86 27 05            [ 1] 4521 	jreq	00104$
      000E88                       4522 00103$:
      000E88 08 02            [ 1] 4523 	sll	(0x02, sp)
      000E8A 4A               [ 1] 4524 	dec	a
      000E8B 26 FB            [ 1] 4525 	jrne	00103$
      000E8D                       4526 00104$:
      000E8D 84               [ 1] 4527 	pop	a
      000E8E 1A 01            [ 1] 4528 	or	a, (0x01, sp)
      000E90 C7 52 5D         [ 1] 4529 	ld	0x525d, a
                                   4530 ;	.\../STM8S103F3_Drivers/timer.h: 1470: }
      000E93 84               [ 1] 4531 	pop	a
      000E94 81               [ 4] 4532 	ret
                                   4533 ;	.\../STM8S103F3_Drivers/timer.h: 1472: static inline uint8_t tim1_capture_compare_3_4_output_polarity_is_high(TIM1_CAPTURE_COMPARE_3_4_OUTPUT_POLARITY polarity) {
                                   4534 ;	-----------------------------------------
                                   4535 ;	 function tim1_capture_compare_3_4_output_polarity_is_high
                                   4536 ;	-----------------------------------------
      000E95                       4537 _tim1_capture_compare_3_4_output_polarity_is_high:
      000E95 97               [ 1] 4538 	ld	xl, a
                                   4539 ;	.\../STM8S103F3_Drivers/timer.h: 1473: return ((TIM1->CCER2 >> polarity) & 1) == 0;
      000E96 C6 52 5D         [ 1] 4540 	ld	a, 0x525d
      000E99 88               [ 1] 4541 	push	a
      000E9A 9F               [ 1] 4542 	ld	a, xl
      000E9B 4D               [ 1] 4543 	tnz	a
      000E9C 27 05            [ 1] 4544 	jreq	00104$
      000E9E                       4545 00103$:
      000E9E 04 01            [ 1] 4546 	srl	(1, sp)
      000EA0 4A               [ 1] 4547 	dec	a
      000EA1 26 FB            [ 1] 4548 	jrne	00103$
      000EA3                       4549 00104$:
      000EA3 84               [ 1] 4550 	pop	a
      000EA4 A4 01            [ 1] 4551 	and	a, #0x01
      000EA6 A0 00            [ 1] 4552 	sub	a, #0x00
      000EA8 26 02            [ 1] 4553 	jrne	00106$
      000EAA 4C               [ 1] 4554 	inc	a
      000EAB 81               [ 4] 4555 	ret
      000EAC                       4556 00106$:
      000EAC 4F               [ 1] 4557 	clr	a
                                   4558 ;	.\../STM8S103F3_Drivers/timer.h: 1474: } 
      000EAD 81               [ 4] 4559 	ret
                                   4560 ;	.\../STM8S103F3_Drivers/timer.h: 1480: static inline void tim1_capture_compare_3_complementary_output_enable(TIM1_CAPTURE_COMPARE_3_COMPLEMENTARY_OUTPUT_ENABLE cc_enable) {
                                   4561 ;	-----------------------------------------
                                   4562 ;	 function tim1_capture_compare_3_complementary_output_enable
                                   4563 ;	-----------------------------------------
      000EAE                       4564 _tim1_capture_compare_3_complementary_output_enable:
      000EAE 88               [ 1] 4565 	push	a
      000EAF 97               [ 1] 4566 	ld	xl, a
                                   4567 ;	.\../STM8S103F3_Drivers/timer.h: 1481: TIM1->CCER2 |= (1U << cc_enable);
      000EB0 C6 52 5D         [ 1] 4568 	ld	a, 0x525d
      000EB3 88               [ 1] 4569 	push	a
      000EB4 A6 01            [ 1] 4570 	ld	a, #0x01
      000EB6 6B 02            [ 1] 4571 	ld	(0x02, sp), a
      000EB8 9F               [ 1] 4572 	ld	a, xl
      000EB9 4D               [ 1] 4573 	tnz	a
      000EBA 27 05            [ 1] 4574 	jreq	00104$
      000EBC                       4575 00103$:
      000EBC 08 02            [ 1] 4576 	sll	(0x02, sp)
      000EBE 4A               [ 1] 4577 	dec	a
      000EBF 26 FB            [ 1] 4578 	jrne	00103$
      000EC1                       4579 00104$:
      000EC1 84               [ 1] 4580 	pop	a
      000EC2 1A 01            [ 1] 4581 	or	a, (0x01, sp)
      000EC4 C7 52 5D         [ 1] 4582 	ld	0x525d, a
                                   4583 ;	.\../STM8S103F3_Drivers/timer.h: 1482: }
      000EC7 84               [ 1] 4584 	pop	a
      000EC8 81               [ 4] 4585 	ret
                                   4586 ;	.\../STM8S103F3_Drivers/timer.h: 1484: static inline void tim1_capture_compare_3_complementary_output_disable(TIM1_CAPTURE_COMPARE_3_COMPLEMENTARY_OUTPUT_ENABLE cc_enable) {
                                   4587 ;	-----------------------------------------
                                   4588 ;	 function tim1_capture_compare_3_complementary_output_disable
                                   4589 ;	-----------------------------------------
      000EC9                       4590 _tim1_capture_compare_3_complementary_output_disable:
      000EC9 88               [ 1] 4591 	push	a
      000ECA 97               [ 1] 4592 	ld	xl, a
                                   4593 ;	.\../STM8S103F3_Drivers/timer.h: 1485: TIM1->CCER2 &= ~(1U << cc_enable);
      000ECB C6 52 5D         [ 1] 4594 	ld	a, 0x525d
      000ECE 6B 01            [ 1] 4595 	ld	(0x01, sp), a
      000ED0 A6 01            [ 1] 4596 	ld	a, #0x01
      000ED2 88               [ 1] 4597 	push	a
      000ED3 9F               [ 1] 4598 	ld	a, xl
      000ED4 4D               [ 1] 4599 	tnz	a
      000ED5 27 05            [ 1] 4600 	jreq	00104$
      000ED7                       4601 00103$:
      000ED7 08 01            [ 1] 4602 	sll	(1, sp)
      000ED9 4A               [ 1] 4603 	dec	a
      000EDA 26 FB            [ 1] 4604 	jrne	00103$
      000EDC                       4605 00104$:
      000EDC 84               [ 1] 4606 	pop	a
      000EDD 43               [ 1] 4607 	cpl	a
      000EDE 14 01            [ 1] 4608 	and	a, (0x01, sp)
      000EE0 C7 52 5D         [ 1] 4609 	ld	0x525d, a
                                   4610 ;	.\../STM8S103F3_Drivers/timer.h: 1486: }
      000EE3 84               [ 1] 4611 	pop	a
      000EE4 81               [ 4] 4612 	ret
                                   4613 ;	.\../STM8S103F3_Drivers/timer.h: 1488: static inline uint8_t tim1_capture_compare_3_complementary_output_is_enabled(TIM1_CAPTURE_COMPARE_3_COMPLEMENTARY_OUTPUT_ENABLE cc_enable) {
                                   4614 ;	-----------------------------------------
                                   4615 ;	 function tim1_capture_compare_3_complementary_output_is_enabled
                                   4616 ;	-----------------------------------------
      000EE5                       4617 _tim1_capture_compare_3_complementary_output_is_enabled:
      000EE5 97               [ 1] 4618 	ld	xl, a
                                   4619 ;	.\../STM8S103F3_Drivers/timer.h: 1489: return ((TIM1->CCER2 >> cc_enable) & 1);
      000EE6 C6 52 5D         [ 1] 4620 	ld	a, 0x525d
      000EE9 88               [ 1] 4621 	push	a
      000EEA 9F               [ 1] 4622 	ld	a, xl
      000EEB 4D               [ 1] 4623 	tnz	a
      000EEC 27 05            [ 1] 4624 	jreq	00104$
      000EEE                       4625 00103$:
      000EEE 04 01            [ 1] 4626 	srl	(1, sp)
      000EF0 4A               [ 1] 4627 	dec	a
      000EF1 26 FB            [ 1] 4628 	jrne	00103$
      000EF3                       4629 00104$:
      000EF3 84               [ 1] 4630 	pop	a
      000EF4 A4 01            [ 1] 4631 	and	a, #0x01
                                   4632 ;	.\../STM8S103F3_Drivers/timer.h: 1490: }
      000EF6 81               [ 4] 4633 	ret
                                   4634 ;	.\../STM8S103F3_Drivers/timer.h: 1496: static inline void tim1_capture_compare_3_complementary_output_polarity_high(TIM1_CAPTURE_COMPARE_3_COMPLEMENTARY_OUTPUT_POLARITY polarity) {
                                   4635 ;	-----------------------------------------
                                   4636 ;	 function tim1_capture_compare_3_complementary_output_polarity_high
                                   4637 ;	-----------------------------------------
      000EF7                       4638 _tim1_capture_compare_3_complementary_output_polarity_high:
      000EF7 88               [ 1] 4639 	push	a
      000EF8 97               [ 1] 4640 	ld	xl, a
                                   4641 ;	.\../STM8S103F3_Drivers/timer.h: 1497: TIM1->CCER2 &= ~(1U << polarity);
      000EF9 C6 52 5D         [ 1] 4642 	ld	a, 0x525d
      000EFC 6B 01            [ 1] 4643 	ld	(0x01, sp), a
      000EFE A6 01            [ 1] 4644 	ld	a, #0x01
      000F00 88               [ 1] 4645 	push	a
      000F01 9F               [ 1] 4646 	ld	a, xl
      000F02 4D               [ 1] 4647 	tnz	a
      000F03 27 05            [ 1] 4648 	jreq	00104$
      000F05                       4649 00103$:
      000F05 08 01            [ 1] 4650 	sll	(1, sp)
      000F07 4A               [ 1] 4651 	dec	a
      000F08 26 FB            [ 1] 4652 	jrne	00103$
      000F0A                       4653 00104$:
      000F0A 84               [ 1] 4654 	pop	a
      000F0B 43               [ 1] 4655 	cpl	a
      000F0C 14 01            [ 1] 4656 	and	a, (0x01, sp)
      000F0E C7 52 5D         [ 1] 4657 	ld	0x525d, a
                                   4658 ;	.\../STM8S103F3_Drivers/timer.h: 1498: }
      000F11 84               [ 1] 4659 	pop	a
      000F12 81               [ 4] 4660 	ret
                                   4661 ;	.\../STM8S103F3_Drivers/timer.h: 1500: static inline void tim1_capture_compare_3_complementary_output_polarity_low(TIM1_CAPTURE_COMPARE_3_COMPLEMENTARY_OUTPUT_POLARITY polarity) {
                                   4662 ;	-----------------------------------------
                                   4663 ;	 function tim1_capture_compare_3_complementary_output_polarity_low
                                   4664 ;	-----------------------------------------
      000F13                       4665 _tim1_capture_compare_3_complementary_output_polarity_low:
      000F13 88               [ 1] 4666 	push	a
      000F14 97               [ 1] 4667 	ld	xl, a
                                   4668 ;	.\../STM8S103F3_Drivers/timer.h: 1501: TIM1->CCER2 |= (1U << polarity);
      000F15 C6 52 5D         [ 1] 4669 	ld	a, 0x525d
      000F18 88               [ 1] 4670 	push	a
      000F19 A6 01            [ 1] 4671 	ld	a, #0x01
      000F1B 6B 02            [ 1] 4672 	ld	(0x02, sp), a
      000F1D 9F               [ 1] 4673 	ld	a, xl
      000F1E 4D               [ 1] 4674 	tnz	a
      000F1F 27 05            [ 1] 4675 	jreq	00104$
      000F21                       4676 00103$:
      000F21 08 02            [ 1] 4677 	sll	(0x02, sp)
      000F23 4A               [ 1] 4678 	dec	a
      000F24 26 FB            [ 1] 4679 	jrne	00103$
      000F26                       4680 00104$:
      000F26 84               [ 1] 4681 	pop	a
      000F27 1A 01            [ 1] 4682 	or	a, (0x01, sp)
      000F29 C7 52 5D         [ 1] 4683 	ld	0x525d, a
                                   4684 ;	.\../STM8S103F3_Drivers/timer.h: 1502: }
      000F2C 84               [ 1] 4685 	pop	a
      000F2D 81               [ 4] 4686 	ret
                                   4687 ;	.\../STM8S103F3_Drivers/timer.h: 1504: static inline uint8_t tim1_capture_compare_3_complementary_output_polarity_is_high(TIM1_CAPTURE_COMPARE_3_COMPLEMENTARY_OUTPUT_POLARITY polarity) {
                                   4688 ;	-----------------------------------------
                                   4689 ;	 function tim1_capture_compare_3_complementary_output_polarity_is_high
                                   4690 ;	-----------------------------------------
      000F2E                       4691 _tim1_capture_compare_3_complementary_output_polarity_is_high:
      000F2E 97               [ 1] 4692 	ld	xl, a
                                   4693 ;	.\../STM8S103F3_Drivers/timer.h: 1505: return ((TIM1->CCER2 >> polarity) & 1) == 0;
      000F2F C6 52 5D         [ 1] 4694 	ld	a, 0x525d
      000F32 88               [ 1] 4695 	push	a
      000F33 9F               [ 1] 4696 	ld	a, xl
      000F34 4D               [ 1] 4697 	tnz	a
      000F35 27 05            [ 1] 4698 	jreq	00104$
      000F37                       4699 00103$:
      000F37 04 01            [ 1] 4700 	srl	(1, sp)
      000F39 4A               [ 1] 4701 	dec	a
      000F3A 26 FB            [ 1] 4702 	jrne	00103$
      000F3C                       4703 00104$:
      000F3C 84               [ 1] 4704 	pop	a
      000F3D A4 01            [ 1] 4705 	and	a, #0x01
      000F3F A0 00            [ 1] 4706 	sub	a, #0x00
      000F41 26 02            [ 1] 4707 	jrne	00106$
      000F43 4C               [ 1] 4708 	inc	a
      000F44 81               [ 4] 4709 	ret
      000F45                       4710 00106$:
      000F45 4F               [ 1] 4711 	clr	a
                                   4712 ;	.\../STM8S103F3_Drivers/timer.h: 1506: }
      000F46 81               [ 4] 4713 	ret
                                   4714 ;	.\../STM8S103F3_Drivers/timer.h: 1511: static inline void tim1_counter_write(uint16_t value) {
                                   4715 ;	-----------------------------------------
                                   4716 ;	 function tim1_counter_write
                                   4717 ;	-----------------------------------------
      000F47                       4718 _tim1_counter_write:
                                   4719 ;	.\../STM8S103F3_Drivers/timer.h: 1513: TIM1->CNTRH = (uint8_t)((value >> 8) & 0xFF);
      000F47 9E               [ 1] 4720 	ld	a, xh
      000F48 C7 52 5E         [ 1] 4721 	ld	0x525e, a
                                   4722 ;	.\../STM8S103F3_Drivers/timer.h: 1514: TIM1->CNTRL = (uint8_t)(value & 0xFF);
      000F4B 9F               [ 1] 4723 	ld	a, xl
      000F4C C7 52 5F         [ 1] 4724 	ld	0x525f, a
                                   4725 ;	.\../STM8S103F3_Drivers/timer.h: 1515: }
      000F4F 81               [ 4] 4726 	ret
                                   4727 ;	.\../STM8S103F3_Drivers/timer.h: 1517: static inline uint16_t tim1_counter_read(void) {
                                   4728 ;	-----------------------------------------
                                   4729 ;	 function tim1_counter_read
                                   4730 ;	-----------------------------------------
      000F50                       4731 _tim1_counter_read:
      000F50 52 02            [ 2] 4732 	sub	sp, #2
                                   4733 ;	.\../STM8S103F3_Drivers/timer.h: 1519: uint8_t high_byte = TIM1->CNTRH; 
      000F52 C6 52 5E         [ 1] 4734 	ld	a, 0x525e
      000F55 95               [ 1] 4735 	ld	xh, a
                                   4736 ;	.\../STM8S103F3_Drivers/timer.h: 1520: uint8_t low_byte = TIM1->CNTRL;  
      000F56 C6 52 5F         [ 1] 4737 	ld	a, 0x525f
      000F59 97               [ 1] 4738 	ld	xl, a
                                   4739 ;	.\../STM8S103F3_Drivers/timer.h: 1521: return ((uint16_t)high_byte << 8) | low_byte;
      000F5A 0F 02            [ 1] 4740 	clr	(0x02, sp)
                                   4741 ;	.\../STM8S103F3_Drivers/timer.h: 1522: }
      000F5C 5B 02            [ 2] 4742 	addw	sp, #2
      000F5E 81               [ 4] 4743 	ret
                                   4744 ;	.\../STM8S103F3_Drivers/timer.h: 1527: static inline void tim1_prescaler_write(uint16_t value) {
                                   4745 ;	-----------------------------------------
                                   4746 ;	 function tim1_prescaler_write
                                   4747 ;	-----------------------------------------
      000F5F                       4748 _tim1_prescaler_write:
                                   4749 ;	.\../STM8S103F3_Drivers/timer.h: 1529: TIM1->PSCRH = (uint8_t)((value >> 8) & 0xFF);
      000F5F 9E               [ 1] 4750 	ld	a, xh
      000F60 C7 52 60         [ 1] 4751 	ld	0x5260, a
                                   4752 ;	.\../STM8S103F3_Drivers/timer.h: 1530: TIM1->PSCRL = (uint8_t)(value & 0xFF);
      000F63 9F               [ 1] 4753 	ld	a, xl
      000F64 C7 52 61         [ 1] 4754 	ld	0x5261, a
                                   4755 ;	.\../STM8S103F3_Drivers/timer.h: 1531: }
      000F67 81               [ 4] 4756 	ret
                                   4757 ;	.\../STM8S103F3_Drivers/timer.h: 1533: static inline uint16_t tim1_prescaler_read(void) {
                                   4758 ;	-----------------------------------------
                                   4759 ;	 function tim1_prescaler_read
                                   4760 ;	-----------------------------------------
      000F68                       4761 _tim1_prescaler_read:
      000F68 52 02            [ 2] 4762 	sub	sp, #2
                                   4763 ;	.\../STM8S103F3_Drivers/timer.h: 1535: uint8_t high_byte = TIM1->PSCRH; 
      000F6A C6 52 60         [ 1] 4764 	ld	a, 0x5260
      000F6D 95               [ 1] 4765 	ld	xh, a
                                   4766 ;	.\../STM8S103F3_Drivers/timer.h: 1536: uint8_t low_byte = TIM1->PSCRL;  
      000F6E C6 52 61         [ 1] 4767 	ld	a, 0x5261
      000F71 97               [ 1] 4768 	ld	xl, a
                                   4769 ;	.\../STM8S103F3_Drivers/timer.h: 1537: return ((uint16_t)high_byte << 8) | low_byte;
      000F72 0F 02            [ 1] 4770 	clr	(0x02, sp)
                                   4771 ;	.\../STM8S103F3_Drivers/timer.h: 1538: }
      000F74 5B 02            [ 2] 4772 	addw	sp, #2
      000F76 81               [ 4] 4773 	ret
                                   4774 ;	.\../STM8S103F3_Drivers/timer.h: 1543: static inline void tim1_auto_reload_write(uint16_t value) {
                                   4775 ;	-----------------------------------------
                                   4776 ;	 function tim1_auto_reload_write
                                   4777 ;	-----------------------------------------
      000F77                       4778 _tim1_auto_reload_write:
                                   4779 ;	.\../STM8S103F3_Drivers/timer.h: 1545: TIM1->ARRH = (uint8_t)((value >> 8) & 0xFF);
      000F77 9E               [ 1] 4780 	ld	a, xh
      000F78 C7 52 62         [ 1] 4781 	ld	0x5262, a
                                   4782 ;	.\../STM8S103F3_Drivers/timer.h: 1546: TIM1->ARRL = (uint8_t)(value & 0xFF);
      000F7B 9F               [ 1] 4783 	ld	a, xl
      000F7C C7 52 63         [ 1] 4784 	ld	0x5263, a
                                   4785 ;	.\../STM8S103F3_Drivers/timer.h: 1547: }
      000F7F 81               [ 4] 4786 	ret
                                   4787 ;	.\../STM8S103F3_Drivers/timer.h: 1549: static inline uint16_t tim1_auto_reload_read(void) {
                                   4788 ;	-----------------------------------------
                                   4789 ;	 function tim1_auto_reload_read
                                   4790 ;	-----------------------------------------
      000F80                       4791 _tim1_auto_reload_read:
      000F80 52 02            [ 2] 4792 	sub	sp, #2
                                   4793 ;	.\../STM8S103F3_Drivers/timer.h: 1551: uint8_t high_byte = TIM1->ARRH; 
      000F82 C6 52 62         [ 1] 4794 	ld	a, 0x5262
      000F85 95               [ 1] 4795 	ld	xh, a
                                   4796 ;	.\../STM8S103F3_Drivers/timer.h: 1552: uint8_t low_byte = TIM1->ARRL;  
      000F86 C6 52 63         [ 1] 4797 	ld	a, 0x5263
      000F89 97               [ 1] 4798 	ld	xl, a
                                   4799 ;	.\../STM8S103F3_Drivers/timer.h: 1553: return ((uint16_t)high_byte << 8) | low_byte;
      000F8A 0F 02            [ 1] 4800 	clr	(0x02, sp)
                                   4801 ;	.\../STM8S103F3_Drivers/timer.h: 1554: }
      000F8C 5B 02            [ 2] 4802 	addw	sp, #2
      000F8E 81               [ 4] 4803 	ret
                                   4804 ;	.\../STM8S103F3_Drivers/timer.h: 1559: static inline void tim1_repetition_counter_write(uint8_t value) {
                                   4805 ;	-----------------------------------------
                                   4806 ;	 function tim1_repetition_counter_write
                                   4807 ;	-----------------------------------------
      000F8F                       4808 _tim1_repetition_counter_write:
                                   4809 ;	.\../STM8S103F3_Drivers/timer.h: 1560: TIM1->RCR = value;
      000F8F C7 52 64         [ 1] 4810 	ld	0x5264, a
                                   4811 ;	.\../STM8S103F3_Drivers/timer.h: 1561: }
      000F92 81               [ 4] 4812 	ret
                                   4813 ;	.\../STM8S103F3_Drivers/timer.h: 1563: static inline uint8_t tim1_repetition_counter_read(void) {
                                   4814 ;	-----------------------------------------
                                   4815 ;	 function tim1_repetition_counter_read
                                   4816 ;	-----------------------------------------
      000F93                       4817 _tim1_repetition_counter_read:
                                   4818 ;	.\../STM8S103F3_Drivers/timer.h: 1564: return TIM1->RCR;
      000F93 C6 52 64         [ 1] 4819 	ld	a, 0x5264
                                   4820 ;	.\../STM8S103F3_Drivers/timer.h: 1565: }
      000F96 81               [ 4] 4821 	ret
                                   4822 ;	.\../STM8S103F3_Drivers/timer.h: 1570: static inline void tim1_capture_compare1_write(uint16_t value) {
                                   4823 ;	-----------------------------------------
                                   4824 ;	 function tim1_capture_compare1_write
                                   4825 ;	-----------------------------------------
      000F97                       4826 _tim1_capture_compare1_write:
                                   4827 ;	.\../STM8S103F3_Drivers/timer.h: 1572: TIM1->CCR1H = (uint8_t)((value >> 8) & 0xFF);
      000F97 9E               [ 1] 4828 	ld	a, xh
      000F98 C7 52 65         [ 1] 4829 	ld	0x5265, a
                                   4830 ;	.\../STM8S103F3_Drivers/timer.h: 1573: TIM1->CCR1L = (uint8_t)(value & 0xFF);
      000F9B 9F               [ 1] 4831 	ld	a, xl
      000F9C C7 52 66         [ 1] 4832 	ld	0x5266, a
                                   4833 ;	.\../STM8S103F3_Drivers/timer.h: 1574: }
      000F9F 81               [ 4] 4834 	ret
                                   4835 ;	.\../STM8S103F3_Drivers/timer.h: 1576: static inline uint16_t tim1_capture_compare1_read(void) {
                                   4836 ;	-----------------------------------------
                                   4837 ;	 function tim1_capture_compare1_read
                                   4838 ;	-----------------------------------------
      000FA0                       4839 _tim1_capture_compare1_read:
      000FA0 52 02            [ 2] 4840 	sub	sp, #2
                                   4841 ;	.\../STM8S103F3_Drivers/timer.h: 1578: uint8_t high_byte = TIM1->CCR1H; 
      000FA2 C6 52 65         [ 1] 4842 	ld	a, 0x5265
      000FA5 95               [ 1] 4843 	ld	xh, a
                                   4844 ;	.\../STM8S103F3_Drivers/timer.h: 1579: uint8_t low_byte = TIM1->CCR1L;  
      000FA6 C6 52 66         [ 1] 4845 	ld	a, 0x5266
      000FA9 97               [ 1] 4846 	ld	xl, a
                                   4847 ;	.\../STM8S103F3_Drivers/timer.h: 1580: return ((uint16_t)high_byte << 8) | low_byte;
      000FAA 0F 02            [ 1] 4848 	clr	(0x02, sp)
                                   4849 ;	.\../STM8S103F3_Drivers/timer.h: 1581: }
      000FAC 5B 02            [ 2] 4850 	addw	sp, #2
      000FAE 81               [ 4] 4851 	ret
                                   4852 ;	.\../STM8S103F3_Drivers/timer.h: 1586: static inline void tim1_capture_compare2_write(uint16_t value) {
                                   4853 ;	-----------------------------------------
                                   4854 ;	 function tim1_capture_compare2_write
                                   4855 ;	-----------------------------------------
      000FAF                       4856 _tim1_capture_compare2_write:
                                   4857 ;	.\../STM8S103F3_Drivers/timer.h: 1588: TIM1->CCR2H = (uint8_t)((value >> 8) & 0xFF);
      000FAF 9E               [ 1] 4858 	ld	a, xh
      000FB0 C7 52 67         [ 1] 4859 	ld	0x5267, a
                                   4860 ;	.\../STM8S103F3_Drivers/timer.h: 1589: TIM1->CCR2L = (uint8_t)(value & 0xFF);
      000FB3 9F               [ 1] 4861 	ld	a, xl
      000FB4 C7 52 68         [ 1] 4862 	ld	0x5268, a
                                   4863 ;	.\../STM8S103F3_Drivers/timer.h: 1590: }
      000FB7 81               [ 4] 4864 	ret
                                   4865 ;	.\../STM8S103F3_Drivers/timer.h: 1592: static inline uint16_t tim1_capture_compare2_read(void) {
                                   4866 ;	-----------------------------------------
                                   4867 ;	 function tim1_capture_compare2_read
                                   4868 ;	-----------------------------------------
      000FB8                       4869 _tim1_capture_compare2_read:
      000FB8 52 02            [ 2] 4870 	sub	sp, #2
                                   4871 ;	.\../STM8S103F3_Drivers/timer.h: 1594: uint8_t high_byte = TIM1->CCR2H; 
      000FBA C6 52 67         [ 1] 4872 	ld	a, 0x5267
      000FBD 95               [ 1] 4873 	ld	xh, a
                                   4874 ;	.\../STM8S103F3_Drivers/timer.h: 1595: uint8_t low_byte = TIM1->CCR2L;  
      000FBE C6 52 68         [ 1] 4875 	ld	a, 0x5268
      000FC1 97               [ 1] 4876 	ld	xl, a
                                   4877 ;	.\../STM8S103F3_Drivers/timer.h: 1596: return ((uint16_t)high_byte << 8) | low_byte;
      000FC2 0F 02            [ 1] 4878 	clr	(0x02, sp)
                                   4879 ;	.\../STM8S103F3_Drivers/timer.h: 1597: }
      000FC4 5B 02            [ 2] 4880 	addw	sp, #2
      000FC6 81               [ 4] 4881 	ret
                                   4882 ;	.\../STM8S103F3_Drivers/timer.h: 1602: static inline void tim1_capture_compare3_write(uint16_t value) {
                                   4883 ;	-----------------------------------------
                                   4884 ;	 function tim1_capture_compare3_write
                                   4885 ;	-----------------------------------------
      000FC7                       4886 _tim1_capture_compare3_write:
                                   4887 ;	.\../STM8S103F3_Drivers/timer.h: 1604: TIM1->CCR3H = (uint8_t)((value >> 8) & 0xFF);
      000FC7 9E               [ 1] 4888 	ld	a, xh
      000FC8 C7 52 69         [ 1] 4889 	ld	0x5269, a
                                   4890 ;	.\../STM8S103F3_Drivers/timer.h: 1605: TIM1->CCR3L = (uint8_t)(value & 0xFF);
      000FCB 9F               [ 1] 4891 	ld	a, xl
      000FCC C7 52 6A         [ 1] 4892 	ld	0x526a, a
                                   4893 ;	.\../STM8S103F3_Drivers/timer.h: 1606: }
      000FCF 81               [ 4] 4894 	ret
                                   4895 ;	.\../STM8S103F3_Drivers/timer.h: 1608: static inline uint16_t tim1_capture_compare3_read(void) {
                                   4896 ;	-----------------------------------------
                                   4897 ;	 function tim1_capture_compare3_read
                                   4898 ;	-----------------------------------------
      000FD0                       4899 _tim1_capture_compare3_read:
      000FD0 52 02            [ 2] 4900 	sub	sp, #2
                                   4901 ;	.\../STM8S103F3_Drivers/timer.h: 1610: uint8_t high_byte = TIM1->CCR3H; 
      000FD2 C6 52 69         [ 1] 4902 	ld	a, 0x5269
      000FD5 95               [ 1] 4903 	ld	xh, a
                                   4904 ;	.\../STM8S103F3_Drivers/timer.h: 1611: uint8_t low_byte = TIM1->CCR3L;  
      000FD6 C6 52 6A         [ 1] 4905 	ld	a, 0x526a
      000FD9 97               [ 1] 4906 	ld	xl, a
                                   4907 ;	.\../STM8S103F3_Drivers/timer.h: 1612: return ((uint16_t)high_byte << 8) | low_byte;
      000FDA 0F 02            [ 1] 4908 	clr	(0x02, sp)
                                   4909 ;	.\../STM8S103F3_Drivers/timer.h: 1613: }
      000FDC 5B 02            [ 2] 4910 	addw	sp, #2
      000FDE 81               [ 4] 4911 	ret
                                   4912 ;	.\../STM8S103F3_Drivers/timer.h: 1618: static inline void tim1_capture_compare4_write(uint16_t value) {
                                   4913 ;	-----------------------------------------
                                   4914 ;	 function tim1_capture_compare4_write
                                   4915 ;	-----------------------------------------
      000FDF                       4916 _tim1_capture_compare4_write:
                                   4917 ;	.\../STM8S103F3_Drivers/timer.h: 1620: TIM1->CCR4H = (uint8_t)((value >> 8) & 0xFF);
      000FDF 9E               [ 1] 4918 	ld	a, xh
      000FE0 C7 52 6B         [ 1] 4919 	ld	0x526b, a
                                   4920 ;	.\../STM8S103F3_Drivers/timer.h: 1621: TIM1->CCR4L = (uint8_t)(value & 0xFF);
      000FE3 9F               [ 1] 4921 	ld	a, xl
      000FE4 C7 52 6C         [ 1] 4922 	ld	0x526c, a
                                   4923 ;	.\../STM8S103F3_Drivers/timer.h: 1622: }
      000FE7 81               [ 4] 4924 	ret
                                   4925 ;	.\../STM8S103F3_Drivers/timer.h: 1624: static inline uint16_t tim1_capture_compare4_read(void) {
                                   4926 ;	-----------------------------------------
                                   4927 ;	 function tim1_capture_compare4_read
                                   4928 ;	-----------------------------------------
      000FE8                       4929 _tim1_capture_compare4_read:
      000FE8 52 02            [ 2] 4930 	sub	sp, #2
                                   4931 ;	.\../STM8S103F3_Drivers/timer.h: 1626: uint8_t high_byte = TIM1->CCR4H; 
      000FEA C6 52 6B         [ 1] 4932 	ld	a, 0x526b
      000FED 95               [ 1] 4933 	ld	xh, a
                                   4934 ;	.\../STM8S103F3_Drivers/timer.h: 1627: uint8_t low_byte = TIM1->CCR4L;  
      000FEE C6 52 6C         [ 1] 4935 	ld	a, 0x526c
      000FF1 97               [ 1] 4936 	ld	xl, a
                                   4937 ;	.\../STM8S103F3_Drivers/timer.h: 1628: return ((uint16_t)high_byte << 8) | low_byte;
      000FF2 0F 02            [ 1] 4938 	clr	(0x02, sp)
                                   4939 ;	.\../STM8S103F3_Drivers/timer.h: 1629: }
      000FF4 5B 02            [ 2] 4940 	addw	sp, #2
      000FF6 81               [ 4] 4941 	ret
                                   4942 ;	.\../STM8S103F3_Drivers/timer.h: 1641: static inline void tim1_lock_control_set(TIM1_LOCK_CONTROL lock) {
                                   4943 ;	-----------------------------------------
                                   4944 ;	 function tim1_lock_control_set
                                   4945 ;	-----------------------------------------
      000FF7                       4946 _tim1_lock_control_set:
      000FF7 88               [ 1] 4947 	push	a
      000FF8 6B 01            [ 1] 4948 	ld	(0x01, sp), a
                                   4949 ;	.\../STM8S103F3_Drivers/timer.h: 1642: TIM1->BKR = (TIM1->BKR & 0xFC) | lock;
      000FFA C6 52 6D         [ 1] 4950 	ld	a, 0x526d
      000FFD A4 FC            [ 1] 4951 	and	a, #0xfc
      000FFF 1A 01            [ 1] 4952 	or	a, (0x01, sp)
      001001 C7 52 6D         [ 1] 4953 	ld	0x526d, a
                                   4954 ;	.\../STM8S103F3_Drivers/timer.h: 1643: }
      001004 84               [ 1] 4955 	pop	a
      001005 81               [ 4] 4956 	ret
                                   4957 ;	.\../STM8S103F3_Drivers/timer.h: 1645: static inline TIM1_LOCK_CONTROL tim1_lock_control_read(void) {
                                   4958 ;	-----------------------------------------
                                   4959 ;	 function tim1_lock_control_read
                                   4960 ;	-----------------------------------------
      001006                       4961 _tim1_lock_control_read:
                                   4962 ;	.\../STM8S103F3_Drivers/timer.h: 1646: return (TIM1_LOCK_CONTROL)(TIM1->BKR & 0x03);
      001006 C6 52 6D         [ 1] 4963 	ld	a, 0x526d
      001009 A4 03            [ 1] 4964 	and	a, #0x03
                                   4965 ;	.\../STM8S103F3_Drivers/timer.h: 1647: }
      00100B 81               [ 4] 4966 	ret
                                   4967 ;	.\../STM8S103F3_Drivers/timer.h: 1654: static inline void tim1_off_state_idle_mode_set(TIM1_OFF_STATE_IDLE_MODE mode) {
                                   4968 ;	-----------------------------------------
                                   4969 ;	 function tim1_off_state_idle_mode_set
                                   4970 ;	-----------------------------------------
      00100C                       4971 _tim1_off_state_idle_mode_set:
      00100C 97               [ 1] 4972 	ld	xl, a
                                   4973 ;	.\../STM8S103F3_Drivers/timer.h: 1655: TIM1->BKR = (TIM1->BKR & ~(1U << 2)) | (mode << 2);
      00100D C6 52 6D         [ 1] 4974 	ld	a, 0x526d
      001010 A4 FB            [ 1] 4975 	and	a, #0xfb
      001012 58               [ 2] 4976 	sllw	x
      001013 58               [ 2] 4977 	sllw	x
      001014 89               [ 2] 4978 	pushw	x
      001015 1A 02            [ 1] 4979 	or	a, (2, sp)
      001017 85               [ 2] 4980 	popw	x
      001018 C7 52 6D         [ 1] 4981 	ld	0x526d, a
                                   4982 ;	.\../STM8S103F3_Drivers/timer.h: 1656: }
      00101B 81               [ 4] 4983 	ret
                                   4984 ;	.\../STM8S103F3_Drivers/timer.h: 1663: static inline void tim1_off_state_run_mode_set(TIM1_OFF_STATE_RUN_MODE mode) {
                                   4985 ;	-----------------------------------------
                                   4986 ;	 function tim1_off_state_run_mode_set
                                   4987 ;	-----------------------------------------
      00101C                       4988 _tim1_off_state_run_mode_set:
      00101C 97               [ 1] 4989 	ld	xl, a
                                   4990 ;	.\../STM8S103F3_Drivers/timer.h: 1664: TIM1->BKR = (TIM1->BKR & ~(1U << 3)) | (mode << 3);
      00101D C6 52 6D         [ 1] 4991 	ld	a, 0x526d
      001020 A4 F7            [ 1] 4992 	and	a, #0xf7
      001022 58               [ 2] 4993 	sllw	x
      001023 58               [ 2] 4994 	sllw	x
      001024 58               [ 2] 4995 	sllw	x
      001025 89               [ 2] 4996 	pushw	x
      001026 1A 02            [ 1] 4997 	or	a, (2, sp)
      001028 85               [ 2] 4998 	popw	x
      001029 C7 52 6D         [ 1] 4999 	ld	0x526d, a
                                   5000 ;	.\../STM8S103F3_Drivers/timer.h: 1665: }
      00102C 81               [ 4] 5001 	ret
                                   5002 ;	.\../STM8S103F3_Drivers/timer.h: 1667: static inline void tim1_break_input_enable(void) {
                                   5003 ;	-----------------------------------------
                                   5004 ;	 function tim1_break_input_enable
                                   5005 ;	-----------------------------------------
      00102D                       5006 _tim1_break_input_enable:
                                   5007 ;	.\../STM8S103F3_Drivers/timer.h: 1668: TIM1->BKR |= (1U << 4);
      00102D 72 18 52 6D      [ 1] 5008 	bset	0x526d, #4
                                   5009 ;	.\../STM8S103F3_Drivers/timer.h: 1669: }
      001031 81               [ 4] 5010 	ret
                                   5011 ;	.\../STM8S103F3_Drivers/timer.h: 1671: static inline void tim1_break_input_disable(void) {
                                   5012 ;	-----------------------------------------
                                   5013 ;	 function tim1_break_input_disable
                                   5014 ;	-----------------------------------------
      001032                       5015 _tim1_break_input_disable:
                                   5016 ;	.\../STM8S103F3_Drivers/timer.h: 1672: TIM1->BKR &= ~(1U << 4);
      001032 72 19 52 6D      [ 1] 5017 	bres	0x526d, #4
                                   5018 ;	.\../STM8S103F3_Drivers/timer.h: 1673: }
      001036 81               [ 4] 5019 	ret
                                   5020 ;	.\../STM8S103F3_Drivers/timer.h: 1675: static inline void tim1_break_input_polarity_high(void) {
                                   5021 ;	-----------------------------------------
                                   5022 ;	 function tim1_break_input_polarity_high
                                   5023 ;	-----------------------------------------
      001037                       5024 _tim1_break_input_polarity_high:
                                   5025 ;	.\../STM8S103F3_Drivers/timer.h: 1676: TIM1->BKR |= (1U << 5);
      001037 72 1A 52 6D      [ 1] 5026 	bset	0x526d, #5
                                   5027 ;	.\../STM8S103F3_Drivers/timer.h: 1677: }
      00103B 81               [ 4] 5028 	ret
                                   5029 ;	.\../STM8S103F3_Drivers/timer.h: 1679: static inline void tim1_break_input_polarity_low(void) {
                                   5030 ;	-----------------------------------------
                                   5031 ;	 function tim1_break_input_polarity_low
                                   5032 ;	-----------------------------------------
      00103C                       5033 _tim1_break_input_polarity_low:
                                   5034 ;	.\../STM8S103F3_Drivers/timer.h: 1680: TIM1->BKR &= ~(1U << 5);
      00103C 72 1B 52 6D      [ 1] 5035 	bres	0x526d, #5
                                   5036 ;	.\../STM8S103F3_Drivers/timer.h: 1681: }
      001040 81               [ 4] 5037 	ret
                                   5038 ;	.\../STM8S103F3_Drivers/timer.h: 1683: static inline void tim1_automatic_output_enable(void) {
                                   5039 ;	-----------------------------------------
                                   5040 ;	 function tim1_automatic_output_enable
                                   5041 ;	-----------------------------------------
      001041                       5042 _tim1_automatic_output_enable:
                                   5043 ;	.\../STM8S103F3_Drivers/timer.h: 1684: TIM1->BKR |= (1U << 6);
      001041 72 1C 52 6D      [ 1] 5044 	bset	0x526d, #6
                                   5045 ;	.\../STM8S103F3_Drivers/timer.h: 1685: }
      001045 81               [ 4] 5046 	ret
                                   5047 ;	.\../STM8S103F3_Drivers/timer.h: 1687: static inline void tim1_automatic_output_disable(void) {
                                   5048 ;	-----------------------------------------
                                   5049 ;	 function tim1_automatic_output_disable
                                   5050 ;	-----------------------------------------
      001046                       5051 _tim1_automatic_output_disable:
                                   5052 ;	.\../STM8S103F3_Drivers/timer.h: 1688: TIM1->BKR &= ~(1U << 6);
      001046 72 1D 52 6D      [ 1] 5053 	bres	0x526d, #6
                                   5054 ;	.\../STM8S103F3_Drivers/timer.h: 1689: }
      00104A 81               [ 4] 5055 	ret
                                   5056 ;	.\../STM8S103F3_Drivers/timer.h: 1691: static inline void tim1_main_output_enable(void) {
                                   5057 ;	-----------------------------------------
                                   5058 ;	 function tim1_main_output_enable
                                   5059 ;	-----------------------------------------
      00104B                       5060 _tim1_main_output_enable:
                                   5061 ;	.\../STM8S103F3_Drivers/timer.h: 1692: TIM1->BKR |= (1U << 7);
      00104B 72 1E 52 6D      [ 1] 5062 	bset	0x526d, #7
                                   5063 ;	.\../STM8S103F3_Drivers/timer.h: 1693: }
      00104F 81               [ 4] 5064 	ret
                                   5065 ;	.\../STM8S103F3_Drivers/timer.h: 1695: static inline void tim1_main_output_disable(void) {
                                   5066 ;	-----------------------------------------
                                   5067 ;	 function tim1_main_output_disable
                                   5068 ;	-----------------------------------------
      001050                       5069 _tim1_main_output_disable:
                                   5070 ;	.\../STM8S103F3_Drivers/timer.h: 1696: TIM1->BKR &= ~(1U << 7);
      001050 72 1F 52 6D      [ 1] 5071 	bres	0x526d, #7
                                   5072 ;	.\../STM8S103F3_Drivers/timer.h: 1697: }
      001054 81               [ 4] 5073 	ret
                                   5074 ;	.\../STM8S103F3_Drivers/timer.h: 1702: static inline void tim1_dead_time_set(uint8_t dead_time) {
                                   5075 ;	-----------------------------------------
                                   5076 ;	 function tim1_dead_time_set
                                   5077 ;	-----------------------------------------
      001055                       5078 _tim1_dead_time_set:
                                   5079 ;	.\../STM8S103F3_Drivers/timer.h: 1703: TIM1->DTR = dead_time;
      001055 C7 52 6E         [ 1] 5080 	ld	0x526e, a
                                   5081 ;	.\../STM8S103F3_Drivers/timer.h: 1704: }
      001058 81               [ 4] 5082 	ret
                                   5083 ;	.\../STM8S103F3_Drivers/timer.h: 1706: static inline uint8_t tim1_dead_time_read(void) {
                                   5084 ;	-----------------------------------------
                                   5085 ;	 function tim1_dead_time_read
                                   5086 ;	-----------------------------------------
      001059                       5087 _tim1_dead_time_read:
                                   5088 ;	.\../STM8S103F3_Drivers/timer.h: 1707: return TIM1->DTR;
      001059 C6 52 6E         [ 1] 5089 	ld	a, 0x526e
                                   5090 ;	.\../STM8S103F3_Drivers/timer.h: 1708: }
      00105C 81               [ 4] 5091 	ret
                                   5092 ;	.\../STM8S103F3_Drivers/timer.h: 1728: static inline void tim1_output_compare_idle_state_set(TIM1_OUTPUT_COMPARE_CHANNEL channel, TIM1_IDLE_STATE state) {
                                   5093 ;	-----------------------------------------
                                   5094 ;	 function tim1_output_compare_idle_state_set
                                   5095 ;	-----------------------------------------
      00105D                       5096 _tim1_output_compare_idle_state_set:
      00105D 88               [ 1] 5097 	push	a
      00105E 97               [ 1] 5098 	ld	xl, a
                                   5099 ;	.\../STM8S103F3_Drivers/timer.h: 1729: TIM1->OISR = (TIM1->OISR & ~(1U << channel)) | ((uint8_t)state << channel);
      00105F C6 52 6F         [ 1] 5100 	ld	a, 0x526f
      001062 6B 01            [ 1] 5101 	ld	(0x01, sp), a
      001064 A6 01            [ 1] 5102 	ld	a, #0x01
      001066 88               [ 1] 5103 	push	a
      001067 9F               [ 1] 5104 	ld	a, xl
      001068 4D               [ 1] 5105 	tnz	a
      001069 27 05            [ 1] 5106 	jreq	00104$
      00106B                       5107 00103$:
      00106B 08 01            [ 1] 5108 	sll	(1, sp)
      00106D 4A               [ 1] 5109 	dec	a
      00106E 26 FB            [ 1] 5110 	jrne	00103$
      001070                       5111 00104$:
      001070 84               [ 1] 5112 	pop	a
      001071 43               [ 1] 5113 	cpl	a
      001072 14 01            [ 1] 5114 	and	a, (0x01, sp)
      001074 6B 01            [ 1] 5115 	ld	(0x01, sp), a
      001076 7B 04            [ 1] 5116 	ld	a, (0x04, sp)
      001078 88               [ 1] 5117 	push	a
      001079 9F               [ 1] 5118 	ld	a, xl
      00107A 4D               [ 1] 5119 	tnz	a
      00107B 27 05            [ 1] 5120 	jreq	00106$
      00107D                       5121 00105$:
      00107D 08 01            [ 1] 5122 	sll	(1, sp)
      00107F 4A               [ 1] 5123 	dec	a
      001080 26 FB            [ 1] 5124 	jrne	00105$
      001082                       5125 00106$:
      001082 84               [ 1] 5126 	pop	a
      001083 1A 01            [ 1] 5127 	or	a, (0x01, sp)
      001085 C7 52 6F         [ 1] 5128 	ld	0x526f, a
                                   5129 ;	.\../STM8S103F3_Drivers/timer.h: 1730: }
      001088 84               [ 1] 5130 	pop	a
      001089 85               [ 2] 5131 	popw	x
      00108A 84               [ 1] 5132 	pop	a
      00108B FC               [ 2] 5133 	jp	(x)
                                   5134 ;	.\ws2812.c: 7: int main(void) {
                                   5135 ;	-----------------------------------------
                                   5136 ;	 function main
                                   5137 ;	-----------------------------------------
      00108C                       5138 _main:
                                   5139 ;	.\../STM8S103F3_Drivers/clk.h: 125: CLK->ICKR |= (1U << 3);
      00108C 72 16 50 C0      [ 1] 5140 	bset	0x50c0, #3
                                   5141 ;	.\ws2812.c: 10: return 0;
      001090 5F               [ 1] 5142 	clrw	x
                                   5143 ;	.\ws2812.c: 11: }
      001091 81               [ 4] 5144 	ret
                                   5145 	.area CODE
                                   5146 	.area CONST
                                   5147 	.area INITIALIZER
                                   5148 	.area CABS (ABS)
